id,sha,author_id,committer_id,project_id,created_at
943709676,c2ca3592464138c64c087b9b8f522047aa11b6e9,2464778,2464778,79208103,2017-11-03 14:02:18
1361098464,05a99fa118571f7fcd0687c990f5a8d242eb06cb,2464778,33959328,87329255,2017-11-03 14:02:18
904353731,2b8e58a8785d1fe4fba10a1b31917f9644e8395e,40526057,40526057,87357212,2018-01-31 22:16:44
904495620,3c5d7893e6c81a34cb586a6f8f67947187542560,35424664,35424664,87370769,2018-02-01 02:01:40
904581618,d21d65c4fda59f3813ba58458ecbe06073786908,30977760,30977760,87381962,2018-02-01 04:29:57
904919397,42d067c9c06500cf0509a31a90af5bd2d618e3e7,39078288,39078288,87426489,2018-02-01 13:20:34
905123625,0421a381863d8a3e3f43ae5959957b7c5698564c,2701004,2701004,87448616,2018-02-01 17:16:37
905165565,c173672e877ae9d40952cba33734988949b77df9,161789,161789,87452804,2018-02-01 18:10:54
905167615,4284b3b4f8e71d42860fde0639b4b1d55650aeda,40521468,40521468,87453363,2018-02-01 18:13:29
905173231,10ec800a1f36d84051fd94fc9ac833289692a902,18608907,18608907,87453895,2018-02-01 18:20:27
905175152,758994abe49922c821b32e8f3a3d5efec89944cc,36365468,36365468,87454037,2018-02-01 18:22:54
905234307,343b3eee7a1dfae50f1b36fa5e99180970c398b3,37180224,37180224,87460613,2018-02-01 19:42:22
905279541,6eb070654d3e24c82e48af086611f6664172b1d3,35099087,35099087,87465462,2018-02-01 20:43:41
905293595,038b3e89f32afb1b21c37cc06aaefbfcc39291e5,11971668,11971668,87467017,2018-02-01 21:02:12
905430103,89ba76eee89bbbd45aabbf2925214cc2187fbf59,37682703,37682703,87479475,2018-02-02 00:29:36
905489984,26542b37dacb8992c7ecdf46c059dc1e4d9ec542,40331090,40331090,87486184,2018-02-02 02:16:22
905775766,a020cc93555ad96b35c1126fe8186b6bf7932a6d,40052118,40052118,87539541,2018-02-02 16:48:05
905783394,a427a807978c316853855ea1c9e12b2e51d80145,37774298,37774298,87541952,2018-02-02 17:46:42
905788834,92e23266da0782ee1c7f2d761725c594a30f235e,40404209,40404209,87543928,2018-02-02 18:32:29
905794267,7535828918e81f2f28c8bf0d61f2658b32ceb8d1,8711459,8711459,87545479,2018-02-02 19:14:03
905823592,a8e14f0eb9ff03f5b33c1740ac89373612e9ea99,40497692,40497692,87553444,2018-02-02 22:45:48
905907657,4021644f5f84e79bc22d891cda234a9cac8ae7cf,10939986,10939986,87576637,2018-02-03 14:47:39
905932683,d13f84eee4aff5c91abf34b7f1d1de100b8d9a07,36029260,36029260,87583598,2018-02-03 18:50:10
906069801,e03b0df29ef094079fbf369a77b547e15852ffa3,39781950,39781950,87619625,2018-02-04 20:06:14
906073221,a1bc810fa49d92268e04cd4445b81c78adb971bb,37979318,37979318,87620570,2018-02-04 20:54:06
906285064,37860a8be846c8b77ec7017593e0f39f4a55fe9c,30352254,30352254,87677279,2018-02-05 22:22:00
906287431,658c6ca052ff12dbed2d1594d4ee45a0aec0c8eb,40786052,40786052,87677862,2018-02-05 22:45:09
906287784,300f3e814e894c9328c579795648a3b850215f02,34279339,34279339,87677943,2018-02-05 22:48:45
906289232,8aca5f93282a1097558cb55247750bf3a3d35f4c,37244837,37244837,87678316,2018-02-05 23:01:52
906303289,d0b0582d0dda73af5fa3990f5db651faecf19bdd,35165543,35165543,87682862,2018-02-06 01:26:09
906313171,eb138301d1beacfdd8d54cf0b76bf9128b8810ca,39273311,39273311,87686142,2018-02-06 02:39:40
906411535,a36ae5d5fcd57a4f73d0f5bad43091dcc3fb015b,40340427,40340427,87713906,2018-02-06 13:32:39
906449356,448b6d5b693bcfad551c8df0402e65bbe1377a09,39252999,39252999,87722484,2018-02-06 16:48:31
906462699,74574cf978fc418682dd6d32220c3226f3fd38fe,40852160,40852160,87726528,2018-02-06 18:36:23
906495004,8c77ca9fc0ba3df2f8acdecf149f27a51693d528,39731654,39731654,87736761,2018-02-06 23:12:59
906501352,0f9701f9d7fdbd0fa7600d4753ce08fb4d087d99,37342169,37342169,87738944,2018-02-07 00:25:02
907347892,991558a2be04ee1ed3e8cc78835a795f9d4ac06a,32252859,32252859,87806722,2018-02-07 13:57:52
907413295,03c7935e3c915359b9d74c86646d9f1b9f79c111,39887339,39887339,87822424,2018-02-07 16:36:42
907154049,c63be997e9372d209acc9e858e000ef991ee11e7,37777244,37777244,87826936,2018-02-07 17:22:37
907490085,55470567a1d03e66475b08383b58df28a340bc4d,34744430,34744430,87863318,2018-02-07 22:59:48
907730206,9e2b28ca593ba511b68b51c7a6da36129a1de34b,9768508,9768508,87896649,2018-02-08 03:53:17
908673265,fdfb60b79f2a1a078c19c5cd970f4a53ff668934,40266559,40266559,88023834,2018-02-08 21:06:55
908687045,32ff6841dd31d6d53bd266e53b6c492f9d23224c,1640746,1640746,88024551,2018-02-08 21:30:51
909692921,896eea4d6977583ca9dc96d86aa09a57ae33fe43,14102279,14102279,88167451,2018-02-09 16:35:08
909935771,f51f6ef698e1ab60142811b31f0315a6e4826d25,40269356,40269356,88211087,2018-02-09 21:29:10
910202897,cf509b17f1c273d2e6e1dac389a82a7f306cefb1,35965857,35965857,88250044,2018-02-10 02:36:16
910206153,0d0b5717acecd67dae755d10a3ad7e44e6455f21,38065136,38065136,88250514,2018-02-10 02:37:46
913260935,a9f7f82e03b56bda925220d881329762e3ac9db0,15831453,15831453,88366186,2018-02-10 23:11:33
914684241,feab09d32074fc35952da441f5150a250735ad5a,38862971,38862971,88431402,2018-02-11 15:46:04
914985975,ca2c22e805161eced7d7d82872ebe7f5b03f1574,39593135,39593135,88463371,2018-02-11 23:56:51
915819824,9128949852413e3393cf13517bd12cb837d93ebe,40229663,40229663,88550993,2018-02-12 20:14:29
915869287,17d63fbdaffdac4006f764f6784d7b6b1aa0f86a,40968018,40968018,88555273,2018-02-12 21:14:38
916081965,cc80952212e2a2acbba47ab2fb545866b05f9ba8,40158373,40158373,88574580,2018-02-13 02:47:32
916689753,b079007a62bd06b89c0bf611b816dc81e27fb146,9725300,9725300,88640381,2018-02-13 17:59:38
916986622,5d4ba36d299cf1be552e4ae92be4f00d5829959b,39573656,39573656,88667702,2018-02-14 00:42:08
917038136,31e1f440013555c0f7219880531c5fd8e9fbd965,37127500,37127500,88671129,2018-02-14 02:15:49
917743360,4bf5fec566f3020586e70848cde7982d3f9ae3b2,15778018,15778018,88741087,2018-02-14 19:55:01
918918892,4d1ea9023b27ee29ca3cc809bb510502abd9cb7b,11972699,11972699,88856247,2018-02-16 03:29:36
919607394,3a2e77f45936ca0b181050709d2bcc782dded46d,11026422,11026422,88929176,2018-02-16 22:02:35
919624342,9673950afc3d58051f60e575de69874f798a62bb,39809547,39809547,88930596,2018-02-16 22:32:28
919847337,606b0cf7ca084f042945810a4334ee71e4cb0cd0,40836182,40836182,88950294,2018-02-17 07:12:34
920038096,05ed7941f62a6764ed49a743fcc5ece0f797ae7e,36198661,36198661,88972588,2018-02-17 15:19:39
920070535,5a29f0f55383a0f3512bead5c43d458f7a83e1a8,1456886,1456886,88977183,2018-02-17 16:22:10
920260447,c6381bf9c6ee6aecef7ee2bdaca79aa5537ac8db,12271047,12271047,88996195,2018-02-17 22:02:13
920348522,9b71c00a5e2d8256617f880eb473aacc69e26e57,38212273,38212273,89003889,2018-02-18 01:10:02
921625904,b2ff8254bd3daaed75debb7b4f173580f551831a,13180002,13180002,89133100,2018-02-19 16:59:24
921800005,a10c6bc6de9b9e21297b2fcd19a60f373b1d6aa7,38320913,38320913,89149740,2018-02-19 20:25:11
921812841,9f3372f206c61f4e56ad73ec9ee705fba0e8bea2,40407848,40407848,89151078,2018-02-19 20:41:14
921974477,752ce8a0896d1025e7669060c32ffac21fabf77a,39305243,39305243,89165358,2018-02-20 00:25:09
922020190,760d7c55fe96bb549471e3d2cb95f15b8fdaa5ed,40532143,40532143,89169563,2018-02-20 01:44:56
922071274,c03959b833815f29472913ae554128f16a1bc3bc,34908029,34908029,89173863,2018-02-20 03:17:46
922845528,a9892b9e5ac0528a24c7bbd41f2ba77894c9412a,39605926,39605926,89255868,2018-02-20 21:22:15
924474509,d29df7326690dc8d02753feaaf7bd1905113b845,38654444,38654444,89433790,2018-02-22 14:19:55
925047790,6f403811b7efdc028132d67cd856e945003a3750,33826815,33826815,89491715,2018-02-23 02:52:35
926205080,f95d78bfe7ddf21b957b5f78a4bd3718a50b8eab,41014360,41014360,89626119,2018-02-24 14:19:43
926790378,53e3aa1e826dab439b89238dfd550c47c23a8b06,41072080,41072080,89683108,2018-02-25 05:26:05
928119242,3b60e041c2a45b2c7d2862a157c098af43565d46,41321273,41321273,89828297,2018-02-26 16:21:33
928527636,4005cdefe6837f9b3381ea60930280c833940b0c,39294331,39294331,89865494,2018-02-27 00:23:17
929192585,f647fb857e12c3586e0b0fdc4af5369c8a25bdea,38703057,38703057,89887136,2018-02-27 15:50:49
929399943,36a84b9695ff5911353392471f5e7725e59e7777,13850412,13850412,89967015,2018-02-27 19:36:06
929463285,68966115f3adad8d92c781e5bd42fa401b6ab810,36690169,36690169,89972119,2018-02-27 20:48:40
929497574,b5df264d07719721300d9166e4e7066178359a88,38530168,38530168,89976148,2018-02-27 21:28:53
930319354,ced2e3513de30636da5aa1bf45cf733a2b1a21a3,41399563,41399563,90070869,2018-02-28 16:19:45
930614939,37ec05021113c49420b491c636673f48e54c7de1,38199348,38199348,90097221,2018-02-28 21:46:19
930722598,e2bca98734e8b77a6d8889f1d06129d7ce6a0b6a,37822360,37822360,90105988,2018-03-01 00:11:20
930889533,264cd2f0020392afa68f27a693a53b943d5f7686,37661948,37661948,90125710,2018-03-01 04:39:01
931439181,f6cd568b301a66364fafb9965da9b1d933498955,39419382,39419382,90188445,2018-03-01 16:55:11
931570840,9d6a39c6cd1bd523c5561b7614ee7e83789ece2d,35068955,35068955,90202121,2018-03-01 19:27:17
931784487,aa9ec4c4bc1709b4de1b8e9ef69f127f4089ff4e,41170045,41170045,90218984,2018-03-01 23:47:12
931805083,4c295f04b3ec5f9d5a379c81d8da32f0af9cd8f9,37040167,37040167,90221247,2018-03-02 00:19:33
932563019,ea3c197d3976807f68ba7f99f15529acbd9e9947,38702049,38702049,90306057,2018-03-02 18:40:57
932596426,6d062ae951331df51b65290af5ad2ace78f8eaf9,10680784,10680784,90309462,2018-03-02 19:23:44
933318182,7b34358eca32293540392aa8e91da7ce6e7b5990,38253835,38253835,90389091,2018-03-03 18:05:08
933490502,2aad2912a74db7153132827ea6484d8645142517,30636925,30636925,90404767,2018-03-03 22:47:55
935254906,4e077d22f707f9c8b2b45fbf3b920ca375aad16a,41115846,41115846,90590589,2018-03-05 20:05:31
935367589,2b8ccc3824603aa43e0e9a9bae9cac9d0fd553eb,31082215,31082215,90600192,2018-03-05 22:15:35
935382479,2bc2fa4d6735238d80146de1555560759ad29255,36961139,36961139,90601712,2018-03-05 22:33:09
935596188,0be0ace9b7380d6f49b1ad50999b9e1e6915c2c3,31551900,31551900,90625320,2018-03-06 03:51:59
936160690,3e6a36cfd044efd4997827a1ce371ed64907d90d,40855148,40855148,90693733,2018-03-06 16:05:28
936341818,36e38ebba32000607982b5a6760451b70733686f,41012911,41012911,90709275,2018-03-06 19:01:45
936703760,848851e629ca297d23ad6aec715c64166f8eea3a,39764848,39764848,90741446,2018-03-07 02:33:14
936765956,ae46c85a439f3b7e515d542ca71c2eda6df11e4e,34879120,34879120,90748961,2018-03-07 04:00:41
937404640,93a57825564f5f1ca72909dcba2395c1a1dab52d,40968645,40968645,90819461,2018-03-07 16:51:30
937583167,fec13440086475507cde0511f3859fd6ed6600cf,2076088,2076088,90835879,2018-03-07 20:14:26
937722012,bd1881bc40786403033e61013eb30ed8cbc2ae60,41350126,41350126,90847694,2018-03-07 23:01:05
937764278,ca6bea96d8c6f554bb86e43b6669dbb1e9820dd6,40721783,40721783,90851314,2018-03-08 00:14:09
937803075,cc0d282038da08c52e9d4c68940d7df6c27b50b4,40808741,40808741,90855396,2018-03-08 01:19:57
938715438,b383236810f03800a678d3f41d0ae127dc65d92f,40991591,40991591,90952219,2018-03-08 20:52:56
938896330,a06bf7596b3065e1264ec55dd5f786c8334b1026,32203074,32203074,90965924,2018-03-09 00:47:43
939730271,310afb66c05de7b785317f119990308adc0845fc,2076088,2076088,91058163,2018-03-09 19:33:22
939809145,4a389466e8c71bdce1b8969608f3ca3b238b2776,40497105,40497105,91065246,2018-03-09 21:23:10
939948252,f0d31fc966a1a222af23e81746e8cb48720521d5,41524962,41524962,91076915,2018-03-10 01:11:22
939978283,faa8f7e4d0dd463324757ecd30b1d2f5c1ca52b2,2076088,2076088,91080021,2018-03-10 02:17:03
940116512,14ba97c0e731ae8712a8f6ffd5f13bbe6c6560ee,9317747,9317747,91097100,2018-03-10 07:53:55
940308811,31b9a2a946244684314d6711c9787d729c1feed6,33660515,33660515,91120439,2018-03-10 14:26:08
940695621,53fafa810d4f882f58366f73bc2492156f6ba3b0,40782840,40782840,91157043,2018-03-11 00:55:59
941041828,5eb27d9815b34e636a3ccdd10b42de571b411765,40116759,40116759,91194949,2018-03-11 12:47:39
941280690,74e9149fdccad1ddb9b3300e0eeb5f1854067474,40782457,40782457,91221691,2018-03-11 18:53:14
941429145,a96211f919d956c1fd2a04a6df6564ccd5f13c35,38306532,38306532,91235219,2018-03-11 22:37:02
941603810,681ef43ba17b95d79a5ad7bdf61f563857b29d70,13988513,13988513,91254172,2018-03-12 03:34:39
942505169,55d5423208d8a58b6f6403879395460de5b1900f,13400324,13400324,91346184,2018-03-12 21:00:13
943694000,ed40cc71c7df76e78b414325a7cae82d3d716353,38843336,38843336,91464804,2018-03-13 19:57:18
943710319,aee0702c6474c1e2ec2e6711a7774cbc80a45c07,33959328,30351173,79208103,2018-03-13 20:13:13
944058579,fb45f2dc43c79266b5c7117b7a6dc931cd37ca45,2076088,2076088,91503897,2018-03-14 03:46:26
944407410,a3fcb105ed8b0f36a9db858114a9d6796773b9c3,35404934,35404934,91536533,2018-03-14 12:08:26
944444112,ed8cc8f73fbda81bc4e51255e3f474d756f1c243,40351030,40351030,91551291,2018-03-14 12:52:35
944725519,56921a905534943c6c4431f31447b7e037cd2264,31243322,31243322,91579425,2018-03-14 17:22:37
944765227,bfbea5e914e04d88ffd99d04cbd1658350a558c9,40137034,40137034,91582735,2018-03-14 18:03:44
944849413,27dd1d467aa2a32fede82dcbef36f1d6d187bdb7,38483021,38483021,91590526,2018-03-14 19:35:38
945144170,fa10160dee72944b6cc0e66b5935be04ff43dd03,40777167,40777167,91617064,2018-03-15 02:08:55
945670310,5d9ae3de01cf14f97698202f5185477639390b80,14233660,14233660,91680689,2018-03-15 14:12:14
946296124,d70d6f2f55203117aaa4cf17edb8e80b7e225601,40268314,40268314,91735641,2018-03-16 02:19:27
947103898,0a3085542ed9410922e8f8565debe7d8b2c9b98c,4557751,4557751,91821136,2018-03-16 19:09:20
948544852,bbe1ffc91439c35ccea4342f35f6110dd6fca58f,38353175,38353175,91967059,2018-03-18 15:50:04
949580497,46eef32306e17ab6c7b846c0158536d27aa93127,41250324,41250324,92073432,2018-03-19 15:13:54
950166260,47fc99263a7adbc6fd4e0a61b0f56a71d1026ca7,40594708,40594708,92124291,2018-03-20 01:47:22
950176432,aeeb8b2abf4679551067406ad6c5ad887573abb2,42015150,42015150,92125479,2018-03-20 02:03:04
951008433,7439a12460dd3000764e684e0c58b4ff9a12366b,32320640,32320640,92219106,2018-03-20 18:46:21
951244578,848f8741b1a22afad7969250645bd1ac15ed7961,40642779,40642779,92239598,2018-03-20 23:05:30
951316414,9d5a5af892f4e1916482b984bfc3fc4a8f5477b5,30932295,30932295,92245858,2018-03-21 00:56:51
952238651,80cc82ab8ad5a0df35dc387fdcafb3f7a92b52c8,30877972,30877972,92347892,2018-03-21 20:03:33
952946505,0ccb97ed1a6b795b42ccbc275fbd284538422c48,41723901,41723901,92374642,2018-03-22 12:01:10
953399531,d24cadf85e2f04b5e5c72d1b9e484d3192dc48c4,40333804,40333804,92466819,2018-03-22 19:47:27
955548686,16c664a46ed4fa4dd23c186a32ae0a674cd4074c,23992053,23992053,92683382,2018-03-25 04:04:35
957177846,a05d0f7dfe435ffcfa28edb01caa419f89f874c1,41364410,41364410,92857055,2018-03-26 20:07:48
957389477,12bba9c9afb5a0f5d62f85697614a389ef35d788,41621306,41621306,92872999,2018-03-27 00:00:49
958172851,b4b8f4d496294c7ff41bc62dc95f36786270b895,42254714,42254714,92962851,2018-03-27 16:46:25
958316420,8c59a6132cdc74b91f7b28e1e9646754bddaff1b,38570607,38570607,92976171,2018-03-27 19:27:19
958645110,f84446f031cbd7940b3257521b7fcb81f43d08f9,38432706,38432706,93008113,2018-03-28 03:16:45
959098659,719fdaca4033aed608eadc9682e89fdece4bf8d2,40957322,40957322,93062645,2018-03-28 13:32:58
959514953,5f767c93a58759bcece416e78531333d160bf0af,37978233,37978233,93100852,2018-03-28 21:05:12
959531368,9d8464efba4512f8af738bd1a6e1620e904dfc59,41366980,41366980,93102178,2018-03-28 21:24:05
960093723,f10514b6935d3d14f1709de8e2571355d5b67a07,11716357,11716357,93166829,2018-03-29 11:27:48
960546309,1c0434a010a67599eae3c628e335e4a68c6cd5a6,7524715,7524715,93209143,2018-03-29 20:11:05
960667858,457df1d36f5558a115f4f5113ed784c9496414be,41794207,41794207,93217261,2018-03-29 22:45:55
961505048,5edabae5a1855fba73b990b9d8d8fa17ac3e69e0,41912270,41912270,93305203,2018-03-30 19:55:45
961739023,b145de66a346ed82818fac8362ef90cfe2cdcf94,38304878,38304878,93326726,2018-03-31 03:01:36
961808944,57ca76d561a4b345006ff9fd2fea265c61f2257e,40649770,40649770,93335019,2018-03-31 06:01:19
962248789,42216fbc122d8df7d399017dbcb02483212f6087,33391222,33391222,93382360,2018-03-31 19:27:14
962328207,2f090e42ec081cc428a654cf9d4dfef2c6fd0ff2,40054976,40054976,93389075,2018-03-31 21:48:36
962390983,69ec6941118775e9de27ba0d66b4a9773b4a7eae,6084127,6084127,93393899,2018-04-01 00:04:44
962531266,56036f6f3a1a8e6dc49d50f86e72692d6c2efcb1,41132915,41132915,93408637,2018-04-01 05:41:10
962975524,2569274f5f011a1f616c21b1e3142242da809b2a,38982912,38982912,93455841,2018-04-01 19:42:19
964196650,a45ae8033acab347efafe34fe671e0dfadf86bbe,39253523,39253523,93574698,2018-04-02 23:37:10
964214950,ff5bee695142f724902a4e62d8d56e7bea7e4ee0,41177184,41177184,93576530,2018-04-03 00:04:19
964804929,5aba902ee42d887998f93d5697281b5f243cb73c,41058999,41058999,93641503,2018-04-03 12:51:32
965293038,807fa2eceb761325bdad920dcc90638fffa890fa,40041049,40041049,93687603,2018-04-03 21:12:59
965319567,c7627478f06ffd2a39c50a37bc32ff0313ea0162,42073797,42073797,93688837,2018-04-03 21:43:21
965339917,d1a8a7104ba8b09aa81697793e309ca2ce68b1e8,40521858,40521858,93690961,2018-04-03 22:06:18
966594477,e462751b98359286bff8a2df9faa8fcb274de1fc,35623537,35623537,93813700,2018-04-04 23:42:51
966738499,df433077b9d45319a8f8d998d7228e78dc580f7d,38045416,38045416,93827556,2018-04-05 03:46:28
967289955,1ac2e87ad37bc9ebb4243f0947599fa97c2ce864,40972256,40972256,93881473,2018-04-05 15:38:55
967308070,745eaa668b8c662342eb8e5317da854c8625e734,41651479,41651479,93877552,2018-04-05 15:56:22
967887017,ca7bba665f10f543b1f5ac19ba90052a3b3ca0ce,13663378,13663378,93966036,2018-04-06 04:42:20
968091607,bc12d1d859ea3a16852fd9ed414770cd4192494e,40471225,40471225,94007952,2018-04-06 10:09:38
969449589,e9fe144d057e8994ff2e861ab6b10d68fce021aa,42509083,42509083,94162443,2018-04-07 20:50:46
970532924,8336efa60fae2e95b8c2dde9ed214038ff36b9fa,34765544,34765544,94278095,2018-04-09 04:20:54
971106077,0b9da3ac7a706fdfc9bdd7193410e2e2c5d8d49c,39872495,39872495,94339598,2018-04-09 15:14:23
971360327,5d893d0f313396b6d875eef5a010cc9bbc0dbc57,38646803,38646803,94362277,2018-04-09 19:16:31
971605727,fc986a8843c66ca1ad82fe42b908c6825c28d5f5,5017898,5017898,94378892,2018-04-09 23:28:44
971837001,36c595ad2701abb2fceff8591157255174d80f1c,37781929,37781929,94402977,2018-04-10 04:47:31
972470175,9f04c5a4c19aacf1eef51ddaa243942e41d936ad,40907373,40907373,94470171,2018-04-10 16:22:14
972551581,09107aa56477787abdc83b652a40ec00f838f34e,42158398,42158398,94477381,2018-04-10 17:34:59
973880390,7b7751cba82d1eb19f1a654671a3beb5ca342c49,38888751,38888751,94603032,2018-04-11 18:37:30
973910588,22114b4fd9de0c15ac4ad55b87c3c951fa63a57d,30683950,30683950,94605497,2018-04-11 19:08:20
974206801,9638817ff200752aab67e433f5c50e59b1678ca5,42315104,42315104,94626603,2018-04-12 00:43:40
974602068,8aae240dc4b6697d2cf3bf4cb7d366db3182416f,12181633,12181633,94669194,2018-04-12 09:13:21
974916852,f9d3f33d7851d72c914a3f0f0bd932b90288c26c,39034763,39034763,94701626,2018-04-12 14:47:06
975215286,dcc7d5e0acdf8835eb4e0e247b50738481fadc6c,38027163,38027163,94728378,2018-04-12 19:38:37
975269878,3ae5fdc64b22727bc64dec46950dd17f4fd8f3cb,42195671,42195671,94732346,2018-04-12 20:32:41
975273189,eed01aadcf2ca4f783cc79d00eda1c81b6915515,7710006,7710006,94732745,2018-04-12 20:36:04
975324865,34176d266fbc0e91cdc670899bdc12bf099c862d,39714457,39714457,94736544,2018-04-12 21:32:52
975353997,2d25e7d76c3e9bb872b5906674a0e6b92df3dbdd,35118865,35118865,94738385,2018-04-12 22:07:39
975429425,a83095adc7464f928feb02c3224d0e37a34c505e,42334472,42334472,94744210,2018-04-12 23:51:59
975466350,9bd1f586f748b23df9f5d65e92845e62d9728baf,35819228,35819228,94746927,2018-04-13 00:48:57
975472214,b6c8649ee0aafe3770f12614e706935c443b7226,38001506,38001506,94747558,2018-04-13 00:58:00
975504541,bc0143111e18df1d130a921b8698b0bab2d6e99b,37362782,37362782,94750909,2018-04-13 01:46:00
975523024,006fa16deb502a535cd89199e4c12583af834116,41652595,41652595,94753139,2018-04-13 02:12:09
975888375,bb6e1d15a69f18846c81ae74c682a4d4daa0b626,41828310,41828310,94793868,2018-04-13 10:16:46
976019887,d4e028fe5cbdf79bd4355d5374ba34fd3595ff7c,36977408,36977408,94806408,2018-04-13 12:48:12
976034534,f532bc7c21a16186393c05d411ffb13415ac9169,34278462,34278462,94808058,2018-04-13 13:05:00
976145333,634d5b99917fcf3caebedbaf3f7cde09db6d355d,38029904,38029904,94818974,2018-04-13 14:59:36
976341546,ff266a0f967c995afc31cf137acf71326cdf4c4f,2076088,2076088,94835710,2018-04-13 18:27:38
976343093,babea5c8bfc1961eab0ee5f2a5306badbb12c073,31461888,31461888,94836032,2018-04-13 18:29:20
976344602,bd344a9ce72d8a0fcf9c084e0c5122d1630dbc0c,7260659,7260659,94836080,2018-04-13 18:31:07
976361601,4edbb44e941c3aca7401d384e84590e82c161267,41595231,41595231,94836944,2018-04-13 18:50:28
976432464,98151279989c0122ef7629fbc913c636f0bbc69d,34666260,34666260,94815498,2018-04-13 20:16:39
976620536,6d6d0b60f616bf388c316b0467752204e3049db1,37095654,37095654,94856275,2018-04-14 01:09:52
976622074,6d03c5d39697ebdce74190698a995e635bbce8bb,36667545,36667545,94856849,2018-04-14 01:12:58
976626570,5971952de2558783be82473c053ccf1c46399c63,31164415,31164415,94857448,2018-04-14 01:22:43
976627414,350901aac2f504f83e4f922cd3f1a20656304735,11767274,11767274,94857391,2018-04-14 01:24:34
976636788,1e346fdd973b553a8e67b82d97ed395db2c10e0a,32874485,32874485,94858317,2018-04-14 01:44:28
976670786,a6620daf02f39203e88e3b2918efe55aa6e3d1a4,34854754,34854754,94861657,2018-04-14 02:54:03
976783166,ae9889bd6b96001c9411e83a9705d543474e600c,8692710,8692710,94871575,2018-04-14 06:47:42
976784529,e6a46e80e661ff906edaff9052773ab20a16b5c2,42535564,42535564,94872380,2018-04-14 06:50:46
977130862,4d47b90a9720f0e995a769bcbabb539183d81a63,42402138,42402138,94898161,2018-04-14 16:39:56
977360862,f97b4496d66c79aef973019748e63996d6ba8381,8619608,8619608,94929121,2018-04-14 22:53:31
977436219,7011304a9347a6fb09c2ea09d4a9818b771da6f2,42261995,42261995,94934880,2018-04-15 01:39:52
977942505,11cc038b027da27e17122a2e76af8a0ae4de303b,32657831,32657831,94987852,2018-04-15 17:13:41
978028655,f70ead97276d6cacb51f3c07bbfc7a8c1d50a6b5,42359196,42359196,94995321,2018-04-15 19:15:13
978129156,e39f7244f5efdd7ef22bbc3f77e4398668ece334,36982687,36982687,95003080,2018-04-15 21:25:43
978302892,7d272421837e5ea8868c7f0b323b77a9cd01de18,34745666,34745666,95016588,2018-04-16 02:01:04
978327787,6e09a62d0aa0271898e7f89866af6c5e57640f3b,42462069,42462069,95019933,2018-04-16 02:35:45
978931230,2375776afeb12f941ca3ae07d3e136da7ea1c527,33140906,33140906,95081760,2018-04-16 14:09:58
979044002,10ddf1f2bc958bad549e08d58e839726305aa68f,33959328,33959328,95091596,2018-04-16 15:38:31
979089005,5490b76fc78d3236dec31ca979c165cc43b54f1a,33650632,33650632,95094700,2018-04-16 16:15:01
979352809,194da7875b7374243d3c8a6b8f81b4a76b42e59a,35123063,35123063,95115842,2018-04-16 20:16:33
979407456,f631a012119550c3329ece7df00ef1620bc0ddd1,37431508,37431508,95119944,2018-04-16 21:07:37
979549653,9e45131b7b79190ec3be69f490d69f981213d963,40861825,40861825,95130192,2018-04-17 00:04:17
979650245,57cb5a6ee268b5b019687e330c0469530554df18,38154257,38154257,95139723,2018-04-17 02:15:50
979700887,48c9126990a1d2cc08ae1040b6a4afdabc9673d5,36514782,36514782,95145841,2018-04-17 03:19:32
980059771,86f094424f74ebe73a9f57f2e45ad4487b689748,40005332,40005332,95184560,2018-04-17 10:33:44
980292159,04d387590ef412cdb0aef904ba2c417fea72d172,38196277,38196277,95205763,2018-04-17 14:17:09
980319713,d4df4abba6b2147d3179fbb5051ee1b614ffe0ca,35959898,35959898,95208028,2018-04-17 14:41:46
980400051,297b2e4c606cf477da6aca8ec13fcbe52cf6343a,11462011,11462011,95215499,2018-04-17 15:50:45
980477617,3329064cf1425da9ca3e41d030507f94f055d556,38595708,38595708,95222417,2018-04-17 17:01:43
980526857,b9c03f4356be8aa03c8a1837f0eb912dbe5c0ca9,11080353,11080353,95226573,2018-04-17 17:50:18
980543594,b8faa07baa5af7913f97a270cb3b4cc7d6269906,41443496,41443496,95227986,2018-04-17 18:06:11
980632344,6cc9dfa9bee852214942d292b78552f8a916ac68,33871788,33871788,95235655,2018-04-17 19:35:12
980790788,bd9caa2c4d2871b1e0793348574277fb7bc9b60b,37309191,37309191,95247649,2018-04-17 22:19:07
980865069,94fe16d5c69028c23013aa37d19f20d575239b56,38269517,38269517,95252470,2018-04-18 00:00:55
980903620,fa08e83c81909c4dca718f5b307ff0338125cf94,42601658,42601658,95256128,2018-04-18 00:54:52
981035482,a18be4fb5820bfcf3a291f98fda496aedd1327f2,37056847,37056847,95269362,2018-04-18 03:42:44
981679971,8cb37a60b11efa565e096023f7be9a514c6c1b6f,40694486,40694486,95113979,2018-04-18 15:49:44
981788243,14358dab4e4a2aeb4a34d576577019e605e8a10e,10708344,10708344,95347487,2018-04-18 17:37:21
981794786,634391e6895a62d3dd549c648d2c7b7e24f2d70f,38531112,38531112,95348691,2018-04-18 17:44:06
981812779,f2c2deb0fb0d94023b8c5747cad46c7e964fd485,39033270,39033270,95350208,2018-04-18 18:01:41
981962353,3bd78c995559ec31dc0989041980a0495ec0bd23,35493988,35493988,95362450,2018-04-18 20:35:53
982007751,c0eb914437a75478aff37d09364b13d3aa4a0478,38298948,38298948,95365751,2018-04-18 21:24:22
982122432,eced7b55a3b4a012d700fb9e5d8458cd833e2ab5,40854768,40854768,95349434,2018-04-18 23:40:02
982217042,91c6f59a9cd2c44929acbf6014df6b821d9d8b6e,42607780,42607780,95381887,2018-04-19 01:57:47
982434706,7d4af66b95aba2fa815fd4b8e9b915aa6d4c16e2,41030952,41030952,95404076,2018-04-19 07:00:10
982529353,de2208ccfc7a782fbfa7e2d8d6c854d6de063f77,6105507,6105507,95415758,2018-04-19 08:47:18
982587239,836d48582556483518bd6bb0d9b5c12086c31c8a,6785286,6785286,95433815,2018-04-19 14:26:18
982766142,1294c77720a7b5b03192601137552a6711ce96de,43024338,43024338,95454761,2018-04-19 19:46:43
983035618,741d6f1ab324a371495228b4023bc21717db73a4,10794675,10794675,95271327,2018-04-20 02:18:41
983087538,741e988186bf9adf3ddc39bd82698a6b1c7e2714,35440998,35440998,95504022,2018-04-20 03:07:26
983089393,8ed968e7e9662cb8364ca2b9de7e128ee237621c,36712644,36712644,95500696,2018-04-20 03:19:16
983089945,163d4e68959d207718b32b372957e614f6aba061,38432827,38432827,95505057,2018-04-20 03:22:46
983819993,3be91329351f467179455aa6b985eed4b6544844,37068939,37068939,95537893,2018-04-20 09:20:23
983996931,211750a578247e461635767a6e392373bac03145,33729390,33729390,95548908,2018-04-20 11:08:56
984444504,e1a6f89e3e13a2683ce721072101ebc22dae0264,35164608,35164608,95588225,2018-04-20 19:03:27
984452354,1bbae8469c7303140d848645480e818329fb48b9,2076088,2076088,95588858,2018-04-20 19:12:40
984605268,0c35bda91cac03a814eb1b9f880f4b8b68b08fc3,34284465,34284465,95600037,2018-04-20 22:23:16
984722765,0671eaf1edd5193c747a9090d3c699f4ca95d935,36410224,36410224,95608863,2018-04-21 01:58:28
984782028,99a15d69af2d9391847bca99c2446482ffd68e62,42774919,42774919,95615103,2018-04-21 04:00:13
985205580,b7a41868f52854354af661bda5891cb107ad0b56,35448446,35448446,95656702,2018-04-21 16:03:43
985400988,8dff19ba1ab135b7c2942f2db2e2079179260aed,33562726,33562726,95673220,2018-04-21 20:36:16
985423100,c4e0eb16557e62aad7bccc6ad1f6c8faffd2acee,12541445,12541445,95674896,2018-04-21 21:09:39
985559004,75cc25dd8fea7dc08a70e4a2937388af19badba1,12718344,12718344,95684201,2018-04-22 01:16:56
986258784,3941602b56dd25fc9aab2b43de1fae8eaa9e65be,40676103,40676103,95746058,2018-04-22 19:34:18
986306348,c9d16d793005f383942e9d4ffa8cfa6276023027,10087990,10087990,95749372,2018-04-22 20:33:35
986457047,5cdae80b0b364bb8b1ee89dae53019cad4ce4817,34011367,34011367,95759820,2018-04-23 00:19:23
986520774,ed74363b82fd13566689ae6094e819068c2f1647,25765646,25765646,95766537,2018-04-23 02:03:21
987458530,0a05c58fbb89f05eaef8d2cff5706671413c39b6,39174019,39174019,95869250,2018-04-23 21:23:50
987958567,c31be796b71b15b1ec5019686ee21a7b92feac3e,34383843,34383843,95893981,2018-04-24 02:31:10
988001201,c139d5d1e3ef22a9f45994522368b479bfb8393a,40788194,40788194,95897543,2018-04-24 03:15:18
988296379,d953200d15374d16442c4d218347d37d20aaf360,40263925,40263925,95929367,2018-04-24 09:19:35
988319405,d76e524e36955b0a5645a4b2625cc2f1d8e21ba3,41946828,41946828,95931554,2018-04-24 09:43:12
988570397,39779adadde4700ed733214a1f9b53924b18f3b8,42607975,42607975,95956993,2018-04-24 14:00:44
988757530,d5a6cdaf8560d997bbeeafb60c8a916fba663a63,11106312,11106312,95973988,2018-04-24 16:43:41
988869556,2e03ad1e4d0406128ed306353eb64318e79ce9ef,38763694,38763694,95849723,2018-04-24 18:29:06
988875760,6fac60586ce8d8af4a1e943b84c5255b76d9e6eb,42045586,42045586,95983012,2018-04-24 18:34:25
989330585,d87fa06ae3d4800753adec0dd392663daa2ced97,31748144,31748144,96018496,2018-04-25 03:12:28
989372014,ffc8737b03f2a8f363b5d30126352a8c1bdff55f,37499497,37499497,96023033,2018-04-25 04:06:32
989498041,c598988fe5e1734c273594507ab51fbd836295ea,6733658,6733658,96035261,2018-04-25 07:12:20
990139389,51b0a73223422e297a26a5e451093f78b830d429,42255531,42255531,96095071,2018-04-25 17:11:19
990277266,94a746eb7b3c931b2c7e6473b969200dc793cc1c,38281511,38281511,96106080,2018-04-25 19:30:19
990413488,a09377063ecb8eb3db5dc85f162d256f409e9267,35654702,35654702,96116106,2018-04-25 21:51:51
990565889,3b88f433d5c474e836454b04f641df7cac393888,38343007,38343007,96127432,2018-04-26 01:20:12
991221558,4f696292ba977f14cf7a011fa50dc65efbd7e015,38243612,38243612,96192305,2018-04-26 13:54:34
991238165,9ae5f1173f292f48196aea9ad68e392c676eab05,37428029,37428029,96193804,2018-04-26 14:09:32
991409000,4d9cefdea457e3e8f69b10265cf1ed5376954d0f,42560277,42560277,96208734,2018-04-26 16:49:44
991475267,8b654dceae45f1d5b76e73d762c84cda67f1fbe3,36906480,36906480,96213950,2018-04-26 17:54:04
991481365,f391967e7eb2a8e94ef4dbb203586f2e7fa915c0,42041572,42041572,96214290,2018-04-26 17:59:54
991650086,b8f2759205f10eb1c15a0151cd70b8f409faa710,10380825,10380825,96226692,2018-04-26 20:57:40
991752853,5e0fd23fefb22d8f24bc88991a2b73e848f95f3d,34688873,34688873,96234105,2018-04-26 22:57:01
991791075,be95b7c9deae99c326d38b0bfa3e5fcf50f13f02,36473442,36473442,96236331,2018-04-26 23:50:33
992659929,b8452c35718cd0bf8454ab996282ac1d213af546,40375541,40375541,96211089,2018-04-27 18:08:24
992811670,1e737c1783610cc2c2ccb818ef44e4759df0d087,2076088,2076088,96332944,2018-04-27 21:08:13
993009568,b37dda56a90411a0d47257cc3daed1c9df02c6e6,41503769,41503769,96347873,2018-04-28 02:26:40
994374074,bdc832f9eb4791ca71208c64e8e719c516074db4,35952397,35952397,96470480,2018-04-29 17:44:22
994454359,2a7f01739ce7798b7e0fef4b6d08da6bcff08481,41664591,41664591,96476465,2018-04-29 19:39:11
994489470,d55a734ba59c9ea06991d926accb22c1ac026527,35216627,35216627,96479917,2018-04-29 20:34:45
994504871,d76dda28a6abee8b9e1ce18bf6f079b2710a7963,42402106,42402106,96480701,2018-04-29 20:56:42
994566319,00acd2c23898c00c51a8da9baf2a2742d58f29e1,8786831,8786831,96485416,2018-04-29 22:38:21
994763347,40d9966dac1b33efdbf88daa83e2dd40038e1965,39810425,39810425,96486447,2018-04-30 04:53:17
995333342,ced33c7036bbb9174a6c380a5e5a1e424a8b24e0,42677303,42677303,96553198,2018-04-30 17:16:18
995536408,9b517d5de17ec425e9b8237c863f9b12d138e25d,42310005,42310005,96570150,2018-04-30 21:03:32
995542107,fd35d8ff98ae643ce3957ef8d3137fcec241cd11,33838258,33838258,96570577,2018-04-30 21:10:23
995752493,c69be751f19502b6ddf2216696bb6bec283aff0e,37341637,37341637,96587505,2018-05-01 02:39:34
996435781,38942919907c9ed2d0d73ce93c392e1a7b0a6442,42624290,42624290,96651764,2018-05-01 19:09:27
996453807,634da667d78a2fa17c89d0245603607f1b68e95e,33989227,33989227,96653083,2018-05-01 19:29:38
996491053,88f4a3cd2884137730d7a938c49f638a5a336446,41798062,41798062,96656198,2018-05-01 20:10:33
996588886,d2521b2a3a6a65e02f1b331c92703bf7a6228a5d,11418106,11418106,96662785,2018-05-01 22:10:58
996657510,01088c84a88e070685d3f77ea72a259738f51430,35153902,35153902,96669266,2018-05-01 23:58:05
996724440,6f7e8368e8190660ac0ead5012f8f54c92bb75eb,2076088,2076088,96675936,2018-05-02 01:51:27
997237283,5aa0a89d33db972f988906aa0fec2e3b57316393,35545782,35545782,96731865,2018-05-02 13:24:11
997580126,f7d077fe4d5e667e070b8958492e92452856c20f,37991158,37991158,96760147,2018-05-02 18:47:36
998717255,f45ec5a140050478dd11fcfbfc44263d71e0739d,39324188,39324188,96877030,2018-05-03 19:35:16
998812688,318f7e61f0c07d98ac0eba90f20a8c81438fb97b,42220699,42220699,96884838,2018-05-03 21:29:58
998900575,5bed27ad71f4fdc1a324258ea405b5ef98d71ec2,42791802,42791802,96891177,2018-05-03 23:42:19
999021002,44afe5084bd9a7999029cf268bb9107ff0c83206,37361756,37361756,96905089,2018-05-04 02:58:50
999118740,cf08bbf1e6047c8a4075e5c323427b1ef0a5d898,38451608,38451608,96916614,2018-05-04 05:51:47
999915431,9ff095786a40734e6c7b07fd436506b7c311e7b8,42196117,42196117,96995061,2018-05-04 23:04:12
1000048822,9f8b4bc507910d1b9e82674a3169f47938b82a98,42588541,42588541,97008261,2018-05-05 04:09:54
1000585627,ddb5047dcdba3934e984de64e3574cc7e7eb631b,42748156,42748156,97066834,2018-05-05 21:40:27
1000586395,af102977dff51e70106e33a35e4f70c5dfd181f3,40559977,40559977,97067670,2018-05-05 21:42:11
1001113240,18722a0228b6e87fd284898e21d9f80a1c857928,33365159,33365159,97122948,2018-05-06 16:10:03
1001601126,e2dcac426c6a3e5e46b846be664ac721cee7404f,6852373,6852373,97170828,2018-05-07 06:18:07
1002612073,cdd37c8068d448957e9dd071283d5a7e18930fcb,36215867,36215867,97260416,2018-05-08 00:41:35
1002797747,8d50d1ce994e6bfcf4a149212eb32d565b7cd9a3,41753466,41753466,97281157,2018-05-08 05:17:24
1003785022,62e3de00a14ad5a4326c3774ee18bdca358c97d9,42791825,42791825,97376999,2018-05-09 00:55:31
1003792818,5e52ec9248f98b76513ab24cbd84e6802365e2ab,40972429,40972429,97377208,2018-05-09 01:07:02
1003973219,dec69449f44da199526902118a8446c2f81ab3ac,40483453,40483453,97397991,2018-05-09 05:50:06
1004623970,f49aca8bebb157be8c66c7700c6ef2e249e5b598,40525590,40525590,97468167,2018-05-09 18:27:58
1004658789,f172ab4d5bdd35c985c6e8ad60e2cf96fd0e96c0,42019668,42019668,97471086,2018-05-09 19:09:36
1004822528,c3d546419239190575217ce28eeb86ffa7144725,6557535,6557535,97484150,2018-05-09 22:29:39
1004853116,6d830ed8a77593877e571c2d226cdb03f16ab937,41628783,41628783,97485689,2018-05-09 23:15:50
1005790750,50f6bde4d3389bd154a1ec8c31a18f380d14dba9,32191586,32191586,97586044,2018-05-10 19:54:25
1006868244,ce02f86a8023b56d92d13354778ed531a3004151,33186140,33186140,97692863,2018-05-11 20:05:09
1006885413,86dac0110bea05ab7c4e2a0c6c60d1cd37f05cd7,42797984,42797984,97694287,2018-05-11 20:27:59
1007137058,14ec2cffe17017cf39bd14482d34e2a4018ab4b0,39062802,39062802,97716661,2018-05-12 04:31:42
1007969044,8926b74303419f452455f85821d45b6a8d28136a,41471006,41471006,97821186,2018-05-13 04:18:30
1007983890,e0f97ae1562fcb2ab6e6b930b1c8d3785d2ccac6,33760348,33760348,95912254,2018-05-13 04:54:24
1008305150,b94e6e73769b0e22c987871500b01cab3b1eafff,9184420,9184420,97854815,2018-05-13 14:44:23
1008336713,a5388e832ebfc27d61848a4ad5bbb361a3cda787,38230207,38230207,97856172,2018-05-13 15:24:02
1008543165,55e465dc9fac8cfacc00622b1bfd1c90fbd852c1,40569588,40569588,97875790,2018-05-13 20:32:56
1008683716,27dd548c473a8b2c7a766fee8f2a5bca301e6ca7,36668168,36668168,94848253,2018-05-14 00:36:49
1008881915,93f1d96e8f8a2232db8b19bdf09fa042827ae34c,38476474,38476474,97908519,2018-05-14 06:10:52
1008962316,c3276f9cb51b5006fc087a7397698e51f6e5f225,41068946,41068946,97925581,2018-05-14 12:16:14
1009011160,b302f11780c6f7460ae160c8ed204dc85e7837cd,42203814,42203814,97938408,2018-05-14 15:12:41
1009042924,d5c30bfadc0ebf0d17fd18c0d0456eb018fc8f7c,2076088,2076088,97947202,2018-05-14 18:29:13
1009065165,f143c9939679763623139c6f89a10406c7cd5810,37974338,37974338,97953277,2018-05-14 21:15:20
1009098778,345b4145581ee565fa80ed8d1b2c46db77e71b61,38484192,38484192,97961336,2018-05-15 01:52:52
1009107854,5b11904f74328787d8a53602ad153fde61e7a2b9,38839995,38839995,97963668,2018-05-15 02:39:37
1009566586,85a86662ec313d9326328b3c8333f6a2af826b58,43154906,43154906,98017740,2018-05-15 18:15:18
1009714591,0ba38ff9ac643099709a4da5bc76c544aedbb421,33867126,33867126,98050936,2018-05-15 23:21:10
1009812913,6f2da905bf08f285394916e169f2a77a4e064543,42283569,42283569,98047696,2018-05-16 01:08:33
1009858322,3e8a2d6e467d265693e8437a33df952d293e60ac,37704418,37704418,98072278,2018-05-16 01:37:48
1009861381,d07f8c33754c0f85a65151254fadfd9b42cb032e,43057071,43057071,98073668,2018-05-16 02:02:36
1009990464,a4007c3e5993a3e20d05a4d76c68f3d7b852d39a,11216525,11216525,98056254,2018-05-16 03:42:13
1009990465,d10441e366eff50429812a659fbb1afd809a0912,11216525,11216525,87329255,2018-05-16 03:49:08
1011338377,a024b71f3f93b4d05d7424129fd2bc138887de68,41207369,41207369,98201353,2018-05-16 17:51:58
1012527982,37cb8c77ce5e5d52aae710cc1fcfa10bd420c691,43336259,43336259,98234222,2018-05-17 00:45:25
1012529300,17b976b536a1770c93b7196f17f1f9c9cfa566a3,42686825,42686825,98234749,2018-05-17 01:03:16
1012684921,24b30adf3eb3fac836dc539f43c81519376c2ab7,7556709,7556709,95432400,2018-05-17 02:51:05
1013508104,6ec2ae0098ffed6f2621c23eb30ccd328e1d8a15,33455386,33455386,98326293,2018-05-17 18:45:48
1013546395,36a85e8b72f6f12555f51814fe2154a84796bac4,32471931,32471931,98329266,2018-05-17 19:29:50
1013953798,886b6c7d92256dcc22f4f025f847fde1f98df9c1,38336265,38336265,98364995,2018-05-18 05:03:55
1014469081,aec3877ebe85f33d35d6f60b4434c1632248f5cc,37724895,37724895,98417529,2018-05-18 15:35:29
1014767023,86a8142247b150f54033fd4ded7ad601fcc1385d,36153404,36153404,98444912,2018-05-18 22:08:15
1014859134,8747e29187516c67bc299969ae381d593c9c2194,37004684,37004684,98451906,2018-05-19 01:08:48
1015391085,bf9e9c37913301fc1b3737a2b7290799346c3b02,38839037,38839037,98511944,2018-05-19 19:19:38
1015550165,589c28f61f03ee9d6f3e4692a2df79613d3c8d42,37748048,37748048,98525679,2018-05-20 00:45:44
1016074474,5116e5b299d614341b261d404acc5f2e181a1f95,38787060,38787060,98581464,2018-05-20 18:25:53
1016379291,db88cb622d829de6702bac6257f855a56e16a8ef,42852511,42852511,98584170,2018-05-21 03:29:57
1017074453,0d39a181104954a58d60ed7c517a4b719fd60b99,13327806,13327806,98679579,2018-05-21 17:24:33
1017434181,7b863e37c723baae707171f3b68d08600ada2453,40972700,40972700,98709024,2018-05-22 01:04:29
1017466155,db258f6fe422cd1f40dbea117e37d420cc96afb5,43337283,43337283,98713996,2018-05-22 01:57:35
1017515820,76a859b098dd8350df28cfe27be3adf66ff49920,43279868,43279868,98716486,2018-05-22 03:12:18
1017524997,a2a3add9039ec1cf6f2b2ed19b40247b293ab4e8,33325338,33325338,98721136,2018-05-22 03:25:53
1017585542,13426b3a0c4db82c10cea6e583ed536f869af415,40966454,40966454,98727609,2018-05-22 05:03:07
1017586383,d16d69ea8959d3427fb272d2fff4ae1d48a53642,43060344,43060344,98727560,2018-05-22 05:04:37
1018124071,38283b98b6e72df0a054e8fca585f29c7eb4bb3c,35653278,35653278,98783887,2018-05-22 15:30:32
1018262277,3d8c286020a662e0cf8b0d944ecf0d89b9bc3141,39298103,39298103,98797322,2018-05-22 17:54:26
1018267919,72a6f067d6c49f095502db756beea18676016c1d,12514294,12514294,98798037,2018-05-22 18:00:59
1019682087,72dcf222e699f53008d867c941d9adaa9ea89ca7,42823589,42823589,98216299,2018-05-23 23:21:32
1019707803,6573604e52599035e1c9b18032f348b66aff9ec9,42801289,42801289,98938991,2018-05-24 00:01:54
1019753843,a3cf4703899252c4808d376e1d80e3a5aa297bc6,43313245,43313245,98943545,2018-05-24 01:20:14
1020497146,ed40e609af395c8778a9e5c32be93354216518fb,18245698,18245698,99022603,2018-05-24 16:47:45
1020698524,7e954a6294e75bac8948cb87d96123ec3923b5db,41988734,41988734,99040480,2018-05-24 20:51:00
1020804155,6eb16b8715b5da11e145756137a819b71cf2e48f,33737307,33737307,99048343,2018-05-24 23:18:47
1021524833,0fad6ad5f76ca78ad3a63e75abf5de00bfb608e1,35171181,35171181,99124785,2018-05-25 15:50:10
1021757060,3ae36d3bf3afb84645ffcad75b42b2fb30bd0eeb,43095857,43095857,99144469,2018-05-25 20:42:37
1021781852,89c73a4c4e3b88604c6b0e9cc5dad8b601f24c55,12690041,12690041,99146408,2018-05-25 21:19:32
1021977309,1581d1e03f77c4e88d813621a98e49b48805178a,36064537,36064537,99162536,2018-05-26 04:06:57
1022477637,59f70c2979ac466f134b11b2af07112306a3d926,43377259,43377259,99213887,2018-05-26 19:56:39
1022546228,fb394e212ed7ac43a9e52ebbb2765404eb90fef5,42424022,42424022,99219166,2018-05-26 22:05:56
1022636087,0cedc84aad43f38bc5ac3e2aea54fd9298035250,39391138,39391138,99163379,2018-05-27 01:29:47
1024060097,70d974217e95622735e0ab7afa57c67bc3a5c040,32340750,32340750,99362723,2018-05-28 15:20:45
1024380062,9f11b1ad0d3d846b1b714cfe3497e69dd83dd98a,37700765,37700765,99388693,2018-05-28 21:36:12
1025502769,f4f18fe79179031bccc3fe590c24906cb871cf7e,41134991,41134991,99493916,2018-05-29 21:12:20
1026960735,01aec68d5a48b471422efa750fea490c0a7e609f,12866515,12866515,99637895,2018-05-31 05:27:10
1027110479,889d1a0ca5d748e0a5f8a78958e115af07a8741e,33725908,33725908,99657305,2018-05-31 09:03:12
1027751731,567689def05c044d992f805d791072dd2813c98a,2076088,2076088,99716379,2018-05-31 21:14:02
1027826287,0ab96bf2cc7976fa2c2d6ae98b915a3817d35e75,43027313,43027313,99721782,2018-05-31 22:52:46
1028482128,5527f053c9fcf3e8c63e0e6589cbf7c8e286a216,37372723,37372723,99789725,2018-06-01 14:24:00
1028597723,29bea88aea9f3006f362061040664c31a260e1cd,2323466,2323466,99735594,2018-06-01 16:25:23
1028776994,f6c2474cbee21e5f92aab747f76600a75716b33b,43334683,43334683,99814750,2018-06-01 20:19:54
1028905503,a76fa72d4de6921cbb6752b6ca3eb846a7d9404c,40432772,40432772,99824558,2018-06-01 23:45:38
1028957524,70b37940710f6b88daad448e55c809b187005235,33360442,33360442,99828858,2018-06-02 01:42:03
1029044042,deec8f588f6bc4285ff48092c20ee7423988cbde,43756173,43756173,99837164,2018-06-02 04:50:21
1029301215,4f1aa21a604b6f62d535571f3b0f9366a3f2d784,42308013,42308013,99863478,2018-06-02 13:37:37
1029417415,6e6d5b846ee68ebdb8cc32f0ef22baf5af4326ae,42917396,42917396,99875013,2018-06-02 16:37:03
1029591898,92c77d132857983d69b90e62f37bb9e121ea58cf,37018480,37018480,99890017,2018-06-02 21:32:25
1029618309,0cd2b9086f2b50c70b2b68a617cdd9eaef8f2ca3,39011429,39011429,99892071,2018-06-02 22:23:44
1029619916,f4e5741dad5026b0e1f677934d05b803a2c1f66e,8115736,8115736,99892323,2018-06-02 22:27:00
1030172489,e3cf5a3d0f6904e64f85b861c03203d49793e9d5,6283712,6283712,99947494,2018-06-03 17:01:53
1031101525,05f8203f110b5247c92b08a16c3af623c7e71824,42630421,42630421,100034823,2018-06-04 14:18:35
1031168058,4a7abd9dfc88e1bc873e1f75dd2d4c7326419a8a,43210248,43210248,100043189,2018-06-04 15:18:11
1031383859,150a4e4b5860893f5ad7a9c0311004e0a8191d1d,43609905,43609905,100060191,2018-06-04 18:56:26
1031520241,529589b6a8cf3b3a90de9eb189f7fb6a4edebc67,43126347,43126347,100073863,2018-06-04 21:20:13
1032233974,5dbde4afa15df92a020bea12f0bfde000ce15257,41348426,41348426,100151890,2018-06-05 13:21:04
1032350590,f78e86d71c918ad1a792e4f66927844b03e30bad,42177202,42177202,100161664,2018-06-05 15:10:44
1032451160,1794804bfbd0bab41a7589936dbb64318faa561d,43661821,43661821,100171827,2018-06-05 16:49:44
1032928179,fa1386d73125d73927848604b852949ed6ccf6b9,43869793,43869793,100217938,2018-06-06 03:18:34
1034960381,e2362a5b579c6d7b4aebbd7af7cb5cbf873a9009,15334346,15334346,100429852,2018-06-07 21:50:47
1035128053,ec20fd11ed4957567ff7248d4ce3871c43a2a199,33853486,33853486,100447040,2018-06-08 02:34:02
1035132440,c9d200b31c81c717dacdd91943c2ed89da4fe0d1,32450178,32450178,100317913,2018-06-08 02:41:27
1036412568,8f5123571cdaf1cd255fbb0fd1234875e84a4142,41328744,41328744,100582088,2018-06-09 13:12:14
1036766358,5f2206948557323b1f80d183c313d5dac769f027,39253711,39253711,100616614,2018-06-10 00:16:18
1037398955,b561b5f2c67ead75b74e37a33ced5e325f2a31ca,40626753,40626753,100680220,2018-06-10 21:05:48
1037430555,ab27d8e265f8c9b6a3dbff6a710760913a31dd3e,43290074,43290074,100682626,2018-06-10 22:01:27
1037493368,b43ef7dd67052ad108bad55e5e84c71a81639224,35712706,35712706,100687952,2018-06-11 00:09:22
1037597410,066822089f521b3640769c9e9626e2a7a76d8c12,41804488,41804488,100700710,2018-06-11 03:27:55
1037623160,7f175c569418a0816834885e010085d8277937d0,30477696,30477696,100703843,2018-06-11 04:15:45
1037712602,3e9556ded3447049865f778bf5a38b1e4bce4506,39110002,39110002,100709582,2018-06-11 06:50:00
1038142545,107f6fa1788cd3e11f909dfb3cbc5ae8445fc9c1,43307560,43307560,100754888,2018-06-11 14:35:10
1038145960,2b45f9b661b2ae5606d279ceb515572da5b0f8d9,44096672,44096672,100754398,2018-06-11 14:38:45
1038160804,20dd07220fc7467a5f2e724bec3de841c7b9f02b,43971544,43971544,100756923,2018-06-11 14:53:35
1038239494,1044923bb4d7f1188bad0f7ad88a57cb10fd1d3d,43364085,43364085,100762827,2018-06-11 16:13:33
1038444082,27344b1e22bdec4e8118175f9216d1cb0e5d6687,43722758,43722758,100780985,2018-06-11 20:08:09
1039473225,6b2ada65a886330f36ca967157b43a82013186e4,43594673,43594673,100884863,2018-06-12 17:17:51
1039501799,655fd0e7cf0fc2abfb9bc4b3a2ca7cf99e069884,43488786,43488786,100887330,2018-06-12 17:49:09
1039507875,7c00f1fafc54551dcc78bf97fcf86a45f48383d6,40808491,40808491,100887922,2018-06-12 17:56:09
1039604363,13a50b99ce71e98db78f76aae7f6b335e8d015fe,43811862,43811862,100896218,2018-06-12 19:46:28
1039803188,da50abbfc75d6c2d3532b4641bc8732f106eaeb3,42747379,42747379,100912313,2018-06-13 00:11:27
1039940062,716b7ae0f1ff3906d3fdd50ff5012ff816ccfb38,43366252,43366252,100927711,2018-06-13 03:47:06
1040602993,a1ab5797c979ad4ad0e23d6220a50969dc2cedc2,32095739,32095739,100997041,2018-06-13 17:18:17
1040615931,8a2ed909c2095fd00c1c194d9c55f9b52935f87e,44089018,44089018,100998139,2018-06-13 17:31:49
1040934697,8216143d32957b6a4707f7302ba1615248f59af0,35802439,35802439,101023124,2018-06-14 00:01:39
1041008369,6ef69826de6af7dab6e90ed3c7bf4978e3b57f9e,43329536,43329536,101029551,2018-06-14 02:02:25
1041512985,48f29ccc6cf8db5284812d3550bbde009425a8fc,43729292,43729292,101086056,2018-06-14 13:30:58
1041663810,44ff27ebe6a16bbcd6b179118abad4446e88142b,36028287,36028287,101099664,2018-06-14 16:09:07
1041675931,31e01bedb8d830d52f14dbeef34686d98c752ea1,2076088,2076088,101100128,2018-06-14 16:22:25
1041875190,96bdce5d6029a8ef20ccf4f45a9562af4f0fb1c3,42997750,42997750,101117548,2018-06-14 20:20:34
1042976528,662bd00ff4cb2e4d4d8149ff70598f9725f2b342,38986713,38986713,101221782,2018-06-15 23:24:13
1043405865,c9cb508e098f515ec8835ed228fcdb5e926e2ef5,35317402,35317402,101266398,2018-06-16 16:36:05
1043413880,92bf5eec3030072f485b813005060d0e67291a87,43543863,43543863,101267170,2018-06-16 16:52:23
1043593923,c7bbe908297a17d07233fd2e8586f154058a1951,37619333,37619333,101281722,2018-06-16 22:25:28
1044812641,23ade196a4b79545de201ff9c47b02b79030f5fa,42075660,42075660,101392416,2018-06-18 13:25:45
1045156442,0cfab106df0983e93588a70788ef5c4241db9b5d,44066989,44066989,101420775,2018-06-18 18:58:54
1045159177,f986bee8720c40802861d8931573f7161bdfcc36,43627937,43627937,101420731,2018-06-18 19:01:39
1045267204,4dc7992c776cb934066732d42eb2665a7a14dbb2,43645393,43645393,101429137,2018-06-18 20:53:50
1045591045,936616ad3276700fe97c717cf8563d3c8cb964dd,37541330,37541330,101457338,2018-06-19 04:50:44
1046138227,f1eaaaa20f0209302027047c731dd075f6c59cdb,34918917,34918917,94727409,2018-06-19 15:47:08
1046315850,0df0d86f485ecccd3dd5eb00e22cfdf5da68f845,41987348,41987348,101527593,2018-06-19 18:54:14
1046484190,62cf6d020b4856d53f02fcc6e687ac845642de7b,36214868,36214868,101541007,2018-06-19 22:04:57
1046630224,e83e044df1cebbf0b21a38eed18274859b397ede,43331239,43331239,101553230,2018-06-20 02:00:16
1046700676,afc7fee7c426e3f24d9c70607bb10e2dce93e28a,38153460,38153460,101562210,2018-06-20 03:55:49
1047016014,244ec448d35050cd681de9e6b2e9e354facdfc15,31653734,31653734,101612391,2018-06-20 17:28:40
1047044984,97ca7d662803cfc919324305c6f48e88027173b3,38407536,38407536,101620908,2018-06-20 21:32:08
1047044424,b4be3870ae020a4c1c0bf5769738437bd55f4b8d,43125159,43125159,101620778,2018-06-20 21:32:51
1047253626,6f94dbfe647eb3b4c5ba93a93b5bed19c1531e8e,37228936,37228936,101644088,2018-06-21 02:34:15
1049449365,04908998698db91c393a532779004082afc849f2,34071471,34071471,101830343,2018-06-22 15:22:18
1049541758,48a14c98780f804a3ef1d5fde85b13491fcebab1,38980185,38980185,101838105,2018-06-22 17:15:48
1049726369,70623c342563eec03b8c2f29a48625eda56e7194,8022977,8022977,101854566,2018-06-22 21:33:39
1049890724,bf0b0924a111e64d270adb2cbec9b064368da54d,42212797,42212797,101869071,2018-06-23 03:34:55
1050205785,4c738b4a1f5a5c0527177ca595d0300d86b1639a,43005461,43005461,101905420,2018-06-23 15:27:59
1050231961,295f549fe2e073b43bef2a39e694c94804d15432,38958982,38958982,101712394,2018-06-23 16:14:45
1051143436,f5dabaaa90572d3e4e676be1cef2ba018854298c,43662530,43662530,101996114,2018-06-25 00:04:06
1051888597,5159a7cc64989e6c83f80fe8fb415604ac46c11e,44389967,44389967,102069436,2018-06-25 15:53:28
1052986851,d8e1fdba98ee3b4db2561c11ef5e9ab3a4329b6d,43705409,43705409,102171894,2018-06-26 14:17:19
1053142871,e4dd217072bbe9c039fb1fd52a99e0d37521c1d8,42970849,42970849,102185636,2018-06-26 16:50:30
1053356418,b7280da6bb43bef109aebe55181b308954c3094b,33265464,33265464,102204955,2018-06-26 20:55:44
1053481610,a2a0fe1a65e534a73cdbbaf0e2b6b6656a716056,42573526,42573526,102216381,2018-06-27 00:05:58
1053543732,84c61bfd7c5981af8135004a3d78efd6a2fd97af,35145078,35145078,102223001,2018-06-27 01:48:04
1055617815,be70b9a97b7c259c5fc77b2ce5afd77090d24f18,44245393,44245393,102422103,2018-06-28 22:17:31
1055727921,154dd83d6e5bacf713070d3d064f33168ff86e59,43971204,43971204,102435563,2018-06-29 01:23:07
1055742457,9b215677be0f9fceac3a3d41f418e4a219ec713c,43550947,43550947,102436970,2018-06-29 01:48:30
1056822053,6e410391d46dcc76db4ea9e3fba1a24d58a278f2,43077375,43077375,102542217,2018-06-30 04:51:56
1057397335,478d773cdef7523fa4b34b6eaf3a2002f550ecfb,41310439,41310439,102597764,2018-07-01 00:41:00
1057475216,5d30bcf4ee7df692269dde4f93f16b3c61b5adae,12070145,12070145,102605744,2018-07-01 04:14:53
1057910355,398085c1f01c9544bf3030269bfdfcccb2abb215,40004058,40004058,102648754,2018-07-01 18:58:06
1058722016,a7ec88f79b3a9db00b750e4eae76f51d9943b199,40947905,40947905,102727083,2018-07-02 14:08:30
1058968644,3cf321f6f374cc4408c9304b124cfb783a04a4f8,12569576,12569576,102744958,2018-07-02 18:08:42
1059185366,7cd77f663c05f4b72797c099ca7f6998dc23fa72,37775674,37775674,102755952,2018-07-02 22:30:16
1059422138,d6457ba39789932bd902374be2d34a44f46da381,30636925,30636925,90404767,2018-07-03 04:46:39
1059504401,4fa121e03fba19fdb4292ed3fbfb96139ecc2d03,43907152,43907152,102797586,2018-07-03 07:05:07
1060051523,fae1475c02d1d42d73cdf536a310b63f805ef7c7,44039879,44039879,102852588,2018-07-03 17:15:34
1060260732,b5d176a82ff3dc590d04f76c8ab10f273679b73d,41714108,41714108,102872013,2018-07-03 21:40:40
1060425251,1ce3d12b0175dfc761daad1e3dd9871dbe9f3bfa,43251007,43251007,102886530,2018-07-04 02:25:42
1061167767,777dc65208cd79a4a8071d8e25d677389aa71d13,13631104,13631104,102963336,2018-07-04 18:43:41
1061775922,9b680085b63e11e2da12f270f0adf2b516b2d9c2,36869429,36869429,103029977,2018-07-05 11:36:52
1062109754,18670a46382662c7e3178e56ea2a59801883a462,35403940,35403940,103061859,2018-07-05 17:58:15
1062507349,3549926045ec7c26d2d72194e250df76d8717dc2,43923976,43923976,103098623,2018-07-06 04:04:14
1063769800,ecfa2adaf2a6ad17117aabaa3720868277857fdb,33989726,33989726,95022917,2018-07-07 16:09:15
1063924274,407f45f85c189f7385e12ff947f4c990e7e118f4,36260360,36260360,103239551,2018-07-07 21:08:22
1064549946,7af8434cd36c789df682d24e2b29186d3d6c7de6,42226947,42226947,103302990,2018-07-08 20:09:58
1065634232,a7e2a7cc01c6603da5524ac9d5b457c1f5f35bab,9345770,9345770,103403584,2018-07-09 18:38:55
1065706128,9fea792d27c1220cf654c8c72d98b05633d4abf3,12656094,12656094,103409419,2018-07-09 19:57:51
1066157260,c2889cd3a81b6f7293d8ff70b60eeddb04e333bf,42342351,42342351,103449853,2018-07-10 06:26:05
1066943643,8d36c1a46af813ec78537c087a0245d2cb4d0074,33754883,33754883,103525113,2018-07-10 20:45:23
1067055171,f3ec27925aacb6a9d41216a519d1dfdc6484fe14,33437402,33437402,103533705,2018-07-10 23:17:50
1067262363,5708851e1737dade704b85f4e946e2fdd36a73aa,43866660,43866660,103553315,2018-07-11 04:27:23
1068370053,13bb3a3cd5e80d37f130cf0decb9227d6e3d707a,43417340,43417340,103663528,2018-07-12 04:42:17
1068873631,1fc78d7d44f5a44fefdb6f427b1c04126229ccd9,38271256,38271256,103718356,2018-07-12 15:18:38
1068981573,70ba7721f3c4317d004ec06a89ade72d45e1affa,44062050,44062050,103727958,2018-07-12 17:17:08
1069329567,d3ea3b703eaa4a81b88a21ceb59b924162560580,29578903,29578903,103755748,2018-07-13 01:16:54
1071028154,f47f216378d9542f584bf7a9c7091b3d1c80d38a,41624892,41624892,103924987,2018-07-15 03:00:58
1071862733,6e04ec93af8f96a353afea042612fba810d95201,43976291,43976291,104016606,2018-07-16 08:09:40
1071874424,8dedbd020490d014a32745e072306e9330b22bcd,44600110,44600110,104018106,2018-07-16 08:24:01
1072293114,a331d788dd17b2ad2c178c40b9da0384beea9a01,19590820,19590820,104058416,2018-07-16 15:58:17
1072416482,c9a75608b1a7be5b4380e82c0547c564c9960f45,2076088,2076088,104071230,2018-07-16 18:12:08
1072472931,6c48c8b8be30f45a58b570a97376adc6e71fe050,37296424,37296424,104075901,2018-07-16 19:49:41
1072766836,07efb1509a1c9a1404090e2c4281494a1ce0da7e,39506555,39506555,104102247,2018-07-17 02:55:19
1073547452,c62fd178655d24545f2512838385366e88d0bffc,31874415,31874415,104182928,2018-07-17 18:46:32
1077017990,428f0102487def62da1fff39ae1e0e82fe0d6f87,33734036,33734036,104531375,2018-07-21 06:51:21
1077610744,98f986271bbf5bf48e559671fa3c665bf8e80bed,44560857,44560857,104590620,2018-07-22 04:18:06
1077616059,8d88458c46fab69b1afce878454cd666356ebaf9,40419717,40419717,104544862,2018-07-22 04:30:24
1077926540,34f9fd65b6256ea0af5f3a4afffa8af8c42dccbe,40622788,40622788,104625430,2018-07-22 15:48:05
1077975409,077e58580420b0316a6e1a6ddb5f0571344d5c6b,44319083,44319083,104630117,2018-07-22 17:11:08
1078245358,3ecccbd3a6558b060ad888102d67c1d12a9571b2,42454372,42454372,104655841,2018-07-23 01:47:21
1078376838,e67f602886c84a233ce453d08174e8513438e0cf,44704235,44704235,104670616,2018-07-23 05:44:33
1079668564,407d5007b0e549da0f8286a7f652ba0dd2992108,31417853,31417853,104797825,2018-07-24 08:38:01
1080091887,848bbb3c19248ed4efcff632c90a3536b2cc1e6f,42478094,42478094,104840220,2018-07-24 16:26:30
1080525745,9030ff398cf3429e347bd79458f1198dadc2d230,38817282,38817282,104875194,2018-07-25 01:25:04
1081214360,a3519fd0644435a32847836a4750898fefa90b3f,42047954,42047954,104950667,2018-07-25 16:22:34
1081332961,8d58493ffb56e6282d83289bce7e50caa326b365,43316162,43316162,104864174,2018-07-25 18:37:32
1081510839,76c06f60a1a310e47491c856a50c1a2a00069b80,42747245,42747245,104976165,2018-07-25 22:10:32
1081762769,c90f7b1756ea5e86dbc96f7aaad3ca13098d476d,43289865,43289865,105001648,2018-07-26 05:10:44
1082206873,fe21ad258f031b9cba22e838f89b7b04116f9912,35405209,35405209,105052205,2018-07-26 14:56:10
1082649247,dda8188641a750eab037a510122753343b0dfc04,43419943,43419943,105082047,2018-07-26 23:52:50
1082790124,f44accc24d10a2b8cf7ded74390e025ba48eca14,38931409,38931409,105105992,2018-07-27 03:57:45
1083234835,b78c43e6406882a7020e6f0a2b0eabca0f642883,43973866,43973866,105155950,2018-07-27 14:44:36
1083458623,0db1cbde9b313da617a7ccba359a2052b4e7773f,43570242,43570242,105175258,2018-07-27 19:09:04
1083511399,e395b802987c5b031c8dd66addf44ba88728d18f,31370116,31370116,105179606,2018-07-27 20:23:36
1083561643,ab96972b4aa1c7b78ea06873a691395f3be5c28d,44967325,44967325,105183083,2018-07-27 21:33:26
1083623037,8dd9c253d405412670443f86be2e6ae27035f7ad,34617516,34617516,105187785,2018-07-27 23:21:31
1083676452,35e2092b5d945968125e5d0fa8cd554d8e66cf86,12507250,12507250,95583680,2018-07-28 01:26:22
1083963835,936dc8e123d1a017d89163b4567051bbcc5500f9,36881695,36881695,105225257,2018-07-28 13:08:45
1084797781,2a666101849b904af14160ecd85e1228406b6812,43810228,43810228,105311136,2018-07-29 18:35:38
1087136149,d29e67d1a4ad472d9ff39a8f2165088a43ecd319,44853463,44853463,105528966,2018-07-31 20:01:27
1088540720,16db280363635c5524317e9daaa4ddc960c7457c,33888899,33888899,105660266,2018-08-02 02:00:58
1089279149,0cbdfd81f319126f49e67a5e187ddf3406a4ce0b,43472160,43472160,105737479,2018-08-02 17:29:54
1089381359,ce2301e732c9feeefe5b078d563303ac2f73bb0d,33935055,33935055,105745607,2018-08-02 19:26:06
1089411933,39380caf7da23daa803da557eb2f9624ef740fcb,43070197,43070197,105746709,2018-08-02 19:59:03
1090233139,f3c22e08def147bc6965d06fecdeb8c03e352d50,30833628,30833628,105829153,2018-08-03 15:06:49
1090513093,fffbedd7c9f0098045cbaa9b92694a48890b787c,40237909,40237909,105852690,2018-08-03 20:56:30
1091073456,3669f92c4da6133bc6d3ad590c1ae0ddae78ca33,44570177,44570177,105910189,2018-08-04 16:30:03
1091196585,10667be4bb9c1be78bbfbd9010b0c1249dcd252b,43663507,43663507,105922258,2018-08-04 20:06:05
1091256620,b0b289fd9cd49d2af9b41f96afb8dbf9e1326df9,45033343,45033343,105927358,2018-08-04 22:11:03
1091279013,f5b11235386604b99fc6c970d92a5b7d76c44a34,42156354,42156354,105928422,2018-08-04 23:04:26
1091778380,59dc03670c0e71d61d529860b6589b7fbf1bf0bc,11598532,11598532,105980933,2018-08-05 17:31:33
1092063178,723c310e8e1a59c4d1c00b9cae79076d944104d4,44294336,30351173,106001576,2018-08-06 01:29:50
1093897671,27affb67ed66128161177b6de8fb12add2c3fd06,37252733,37252733,106159167,2018-08-07 14:56:05
1093904692,219149ff795641176b0501291f0b1d259ffc52e8,42655632,42655632,106180558,2018-08-07 15:05:58
1093990960,785e21008ded1456ea12c5b58b4b8308f491eb0f,33733082,33733082,106187807,2018-08-07 16:26:55
1095213383,a9ad7b4126bf88abe714c397978bf03d169d5b2e,43828062,43828062,106303317,2018-08-08 17:42:56
1095494542,5dba1cf09178ca432536632420cbc37881995d49,37364346,37364346,106325062,2018-08-08 23:26:02
1095518704,7769459631c8493ddba3b1d873bc1902fb49607d,33162877,33162877,106325741,2018-08-09 00:05:21
1095525766,846904b83507e118a4f82f73dd1b3df2c12f064c,43420442,43420442,106328282,2018-08-09 00:20:25
1095574994,5b2feae328b08c447453371b28aa915938be6598,10604391,10604391,106333210,2018-08-09 01:45:05
1096454326,dee69ebb60a9d1af933ec1a7539cb977c00149b2,41642363,41642363,106421807,2018-08-09 20:37:18
1096454676,53ddd419d0c08fd00632874f598aa984dbed1733,44352937,44352937,106419017,2018-08-09 20:37:45
1096558417,f26b556efb8f56b221f7bdfc254415aebbb29469,41300119,41300119,106429885,2018-08-09 23:06:08
1096718202,a151fc4c5c4c171652326c7bcd966983e82e0551,10956699,10956699,106445824,2018-08-10 03:21:37
1096735281,aa3b65b2a407b25c618063f3fe006e9d46a54c29,33356358,33356358,106089099,2018-08-10 03:46:03
1097280326,f13dd550a07f391bc026bc5dd53e5405ac01f38c,44458265,44458265,106503855,2018-08-10 15:53:06
1097627399,7f842a4e24782d29a76410e17c67db7c9f2ac3e8,21853607,21853607,106531466,2018-08-11 00:25:03
1098024697,9845ddb9f108549b8e92e0b317f99906695f9716,44320845,44320845,106568984,2018-08-11 14:08:33
1098256443,401598698de1d35faf926d5dcfbcd1cc8adcb9e1,9492378,9492378,106590559,2018-08-11 20:46:33
1098326302,03f3b2e7ad7757ca6698f08bca12fa459f58e14f,32226297,32226297,106595801,2018-08-11 23:08:44
1098411022,cbf6be6848800b163d6ec22bb2a1f1c06de6fd96,33618289,33618289,104841384,2018-08-12 02:41:50
1099106521,527dd5d711378a611e968aa124217e1da39f50dd,36791526,36791526,106665279,2018-08-13 00:04:59
1100003181,f5543de0472c2c198bddf3c8c1902e29798da772,45346881,45346881,106747882,2018-08-13 17:49:12
1100104644,bcca33bd7b256a150c263d4ee00396bae5864a5a,44905339,44905339,106755566,2018-08-13 19:34:15
1100198646,434c46eecf2b3a9303adb765d677ad5f4aca748c,31070920,31070920,106761309,2018-08-13 21:05:33
1100383435,d885a27bff98b07b4d7ebfcc56196a50db6da9d2,37565340,37565340,106774667,2018-08-14 01:10:27
1101083506,6d4eee9ac6c1568aad9b9ea42a82a121dab08754,42943212,42943212,106842436,2018-08-14 14:58:23
1101333513,d2d050491e35e0d1fd7da0147af3b61ad3466378,41045421,41045421,106864835,2018-08-14 19:37:17
1101439944,e2a39e70a37af68e9a433c70f2d8dd52fb6bd840,39442682,39442682,96088010,2018-08-14 21:45:37
1102271447,2b26e40b494cc9d502975a56b9073294fea52380,44955185,44955185,106956196,2018-08-15 16:43:18
1102280457,9cf6f2354c8377caa9b7fbb0d7dd61fdb1655c3f,42075612,42075612,106956926,2018-08-15 16:52:27
1102451726,3a8831edc51e92ef4d3695e90ae0278c94d841b6,45279752,45279752,106971052,2018-08-15 20:00:13
1102573890,81f27b5302a3902905ca87101de0c5d863eb5f08,45190859,45190859,106979729,2018-08-15 22:34:30
1103376700,1adcebfb599c8c6bf811172fa5d8534c44eb05b3,2543644,2543644,107061962,2018-08-16 16:41:34
1103768571,26a6d797de2d0a00b9b9ae37a8c519a195a0c2d9,45289630,45289630,107094050,2018-08-17 01:20:59
1104482097,24796ae53c896045e96424ad58794f7ca2b6f7f9,43443568,43443568,107167024,2018-08-17 17:39:40
1105866303,287ed02d41533bb55d70b3f05d66d3f88068649f,44612874,44612874,107302183,2018-08-19 16:16:45
1106062464,46f3118f104f0ff906090a50891f525483fc6e28,31372955,31372955,107318066,2018-08-19 21:27:22
1106314680,ade019d5697569ae9e020443b9e8bd97680441bb,37727168,37727168,107341310,2018-08-20 04:45:49
1106715826,4cb39488e7c15f283667626995926f7d311a88e9,37952876,37952876,107378660,2018-08-20 12:39:37
1106831749,8707ee025d7bb08e1f0b52667e8fafe18902f066,44341319,44341319,107388970,2018-08-20 14:38:03
1107193622,55b45635fa0ed1543fdbaaa66dc198081c437baa,43561628,43561628,107417907,2018-08-20 20:54:34
1107256408,3cf3be81573723033159ab3d0c2fce6a1f6941ba,41300413,41300413,107421895,2018-08-20 22:06:55
1107364564,e76456a9ddb78444f411ad9620b25b82923eadb7,38983543,38983543,107429898,2018-08-21 00:50:47
1107402029,d463a537e1a14b9d310e8c281f611fdccaadec15,44769944,44769944,107433695,2018-08-21 01:47:48
1107914334,dbe10dba5ba592953f651f9b6c884e9fda360529,44768220,44768220,107488934,2018-08-21 13:21:36
1108086391,86ed37a3893f3a2b262fea7ee55ad608d35ee730,45058293,45058293,107504604,2018-08-21 16:12:14
1108208702,ba5647e9aeadb1e8140106e789d07a1d925be948,30658267,30658267,107514544,2018-08-21 18:28:08
1108274998,024640f6d486c4d2886a89dc9614c5294f77aa6e,43029640,43029640,107520395,2018-08-21 19:43:12
1108283797,3aece89e04193304d1b26a13418337b59af95f91,44248487,44248487,107519708,2018-08-21 19:51:22
1109431911,b5510a5f7283498f1e63fa43685ebcb405af88f9,43999795,43999795,107557472,2018-08-22 19:44:54
1109654279,7db26143fec9868c7bec0003d4d3476e74baf828,40943174,40943174,107642912,2018-08-23 00:51:58
1109715863,6c0bd8d4e4974b40602d6c1abf3f8b2c81900c23,36834779,36834779,107539350,2018-08-23 02:30:55
1110457323,6a96ef36e35a5c893abb04713980e46b68399dc4,42656918,42656918,107725228,2018-08-23 17:42:39
1110554982,cf17ad3f378201c9f142f09420662892148c06a9,45601243,45601243,107730163,2018-08-23 19:36:38
1110581260,9b3d29abb40e0894c3a803882da8afda1512a8e9,45010982,45010982,107735594,2018-08-23 20:08:49
1111756829,a131171075a40e12e347127e1e8ec562c616543b,30459774,30459774,105651136,2018-08-24 21:23:02
1111756867,549027262b316f088d37097437b2b9ea1e1de542,30459774,30459774,87329255,2018-08-24 21:25:04
1112347572,5020be4bdd058fd99847ef2f61166ce737937b16,33338539,33338539,107805916,2018-08-25 15:52:12
1112425473,b1a0479b9fd78d55feb19285e4ad1aa771b7eb62,37265549,37265549,107906376,2018-08-25 17:51:57
1113089407,a262c5d80880a42f2231e60aeea6afff85ac6ec7,43855687,43855687,107960953,2018-08-26 14:14:01
1113122953,506d7f37599d3ea50bf504fbd681e9327692a6d0,44898990,44898990,107964679,2018-08-26 15:08:55
1113590105,7fc76b20b8ccabff87c80b8ec2fc10dc9e748ce0,14060387,14060387,108008826,2018-08-27 04:31:18
1114070400,8cf5d809cdb4d09d77d5ff98887388d01c134aba,23419889,23419889,108054165,2018-08-27 13:46:07
1115211849,15037052038392c5dbe82663722b2e7b4167e237,43788740,43788740,108161388,2018-08-28 12:19:12
1115748529,1cc7b6586d65513c61c76f743135e3fb4749b02b,3531119,3531119,108212589,2018-08-28 21:53:14
1116832783,0fb707a7198671369f8af94494071acf108f6be6,44425256,44425256,108320192,2018-08-29 19:52:52
1116900949,d54821a4f354c001f54608ed6ce686aa86af5f61,37667874,37667874,108325415,2018-08-29 21:06:41
1117774807,b3b78887937a5c745a1cce9d16d361c2bb558704,44671425,44671425,108412163,2018-08-30 15:29:01
1117893988,1a606f1867e4fec3c76f721b5be514eae5e8a689,41657575,41657575,108423161,2018-08-30 17:39:32
1118112886,5b1aeaee350049a504e943756a1b49380824c561,33932527,33932527,108443644,2018-08-30 21:38:34
1118290544,127e69b284bedcbba442053b993a666dd9ce3737,228183,228183,108459959,2018-08-31 02:23:37
1118310820,cbf72695429e784dd6df42e69eb66b2efa85ea5d,32832496,32832496,108462435,2018-08-31 02:56:24
1119001083,a88c2111b802d43f2171cced01a8afe21a4d5ebb,15770715,15770715,108530897,2018-08-31 17:26:14
1119871470,8513e3a11c31c90989d18cc6f73231ef249d1725,9078145,9078145,108611533,2018-09-01 19:52:03
1119872578,0a97c35841687a2cddcc863996baba22c02aa999,44963381,44963381,108612284,2018-09-01 19:55:52
1119878266,c114e25eacef1c645486e403247799d8b02652f1,43573992,43573992,108612776,2018-09-01 20:08:26
1119976922,7345b98f5c2349b50f564f732b0d611a35e80bce,40607312,40607312,108621030,2018-09-01 23:39:33
1120170719,27af73db793825673e4aef2b039ca894900aa3bb,42576163,42576163,108637287,2018-09-02 07:26:44
1120553116,82a98600a1d3a74303b29c02a07e10bd8c0c9a8d,39893743,39893743,108679303,2018-09-02 19:06:30
1120574371,8de7bb8896f78467de5c449841f941b95cf8268f,43809496,43809496,108681199,2018-09-02 19:43:29
1120631294,8b93754e0847f91adaff338ab038d4a26a907e63,44559926,44559926,108685279,2018-09-02 21:20:05
1121306111,9f2c1fe7699427f7394a47cfaffe6dd8651697dd,44044792,44044792,108752286,2018-09-03 13:34:00
1121306178,f6246b3f9aa84c33466befc36c6249b180faaba2,44044792,44044792,87329255,2018-09-03 13:34:41
1121723406,f877455809033bda200b04ec785d51c0d061d181,11191286,11191286,108789267,2018-09-03 21:48:23
1121765499,218cf8aa4151780bcff8d4d6dca2a19457928632,2493602,2493602,108792705,2018-09-03 22:56:56
1123040835,5c9bcb1233228a2c22f8bbc447b00052543a0048,12086189,12086189,108915537,2018-09-05 00:19:16
1123999521,fd069ab37bea1b5ac2125cbd9c83a3fc30215757,38123390,38123390,109013679,2018-09-05 18:56:27
1124637718,482367f3591a77988e30cb0c1731768199f96833,45180964,45180964,109079038,2018-09-06 09:27:19
1125000330,ac12497e8e7ec592dd684a6ad111b6f69b65f28b,38549720,38549720,109115863,2018-09-06 15:58:17
1125940504,d46304051b5398e1f830bf5892ac0effd7b4aa88,45014060,45014060,109135754,2018-09-07 12:53:47
1126009135,3b7361f2bee2d1f53efc21d466137456d2c39762,43760648,43760648,109148197,2018-09-07 14:07:36
1126672317,18ed3964f68f66f340485668e88156fd261e43a9,44296453,44296453,109282035,2018-09-08 08:26:15
1126972614,634ed42b76ccd8407bde5492934e9ed1107bf228,20072865,20072865,109314835,2018-09-08 17:43:18
1127186368,3ba18ed700113b20cc61c8e8d27ac60d82428269,7475345,7475345,109333169,2018-09-09 00:50:05
1127721802,747d68a42a256f0600d72917a08a15e19a506895,10379631,10379631,109384200,2018-09-09 16:18:49
1128007161,521e6a690500216d35300bfe973593360057c39c,35549000,35549000,109411349,2018-09-10 00:30:47
1128731237,87cff51fd69af1cb5f49bc12844483954e50350f,45674680,45674680,109485376,2018-09-10 14:51:30
1129369125,350e41f5f10e63d7c6c14b5c570033352ed472f2,43614904,43614904,109542713,2018-09-11 02:31:50
1130111363,fa9f8f133db2ae0c7cc98d527175369e1aa0a557,8752092,8752092,109617146,2018-09-11 16:07:07
1130523723,c7c99ee396c6868289f6d9589ca5be8b7407b629,10203920,10203920,109653462,2018-09-11 23:45:33
1130640537,d4732b8bd98f77dd621af4d270c286f2736810c5,45245449,45245449,109666046,2018-09-12 02:37:45
1131519811,54bcd99d98c6043cc638960fd0c12130845df9ba,8449417,8449417,109757234,2018-09-12 18:53:55
1132867780,3e5625bef31d77ad6bf83245d3ce3119ae32313d,44264274,44264274,109885706,2018-09-13 20:37:35
1132873300,fdff5afde2eab10c0b0af8d64748901e5052dc6f,44633341,44633341,109886297,2018-09-13 20:44:56
1133544573,4183ee6dbc6f3a506f664e895ccaf5b188b56728,44923400,44923400,109951873,2018-09-14 12:10:05
1134206497,4e54d6a3e1c3b889922ae544dfc2000644b6d2c6,45237516,45237516,110015919,2018-09-15 03:25:05
1134689269,a42c83957cd177d1150f796244701f57f1813fd1,24750631,24750631,110066438,2018-09-15 18:23:30
1134800578,b396a2f64ad60a318faeb5f67b6854c78fb21b2d,44146279,44146279,110076985,2018-09-15 21:43:50
1134863904,6870d156f6b1a8e23afaeffe149ad38df6d58ea1,45100068,45100068,110082024,2018-09-15 23:57:02
1135009958,f80c942c6e52dddb1acbbd72f4c3dec63001c8f1,37315003,37315003,110095083,2018-09-16 05:18:24
1136610768,4470163c5ddbbb502c24f8b2c8666c079ec12ea8,45809874,45809874,110257921,2018-09-17 18:45:28
1136688455,ecac34c2a6889799b30cc38a6ab1a88aa12b350c,45827048,45827048,110264999,2018-09-17 20:07:35
1137178255,9e4012f899287e6600f635e2255963a846180301,45285781,45285781,110314148,2018-09-18 07:22:19
1137553815,b0c54123b206d39a26ae159343a65be938293a00,43699705,43699705,110352335,2018-09-18 13:45:02
1137821450,48c88edf559fb27980c963d9c422c6f80f47011e,34014925,34014925,110378832,2018-09-18 17:48:05
1137841733,9c99b220863962c7615ee6ddccf1951e563be61e,13607012,13607012,110380774,2018-09-18 18:11:34
1138215230,509741235a8952c8c01978bfd90c8e4b60f1f8d9,9638356,9638356,110414477,2018-09-19 02:05:28
1138295339,9b10c3894aebb853c435de95f261fd8a818030ff,13660563,13660563,110424451,2018-09-19 03:59:30
1139539667,bb9090d17c78bc06ee8f3d2fc9498d3e47fe1e61,30389534,30389534,110550423,2018-09-20 04:58:55
1141630155,e0a1e18e89b3525d0b9a21cde3f32ce85ffeaf3a,35194865,35194865,110762135,2018-09-22 00:33:00
1142505595,90f3987c24373382d3c92c035ac330fef2235006,11277478,11277478,110784187,2018-09-23 05:04:47
1143253116,c53b35f79745d46e50c9659b79378d7763f73197,44506278,44506278,110934431,2018-09-24 02:19:04
1143261469,650ba5708cd9c8959f303eebf273894f18c3f6c8,45479366,45479366,110934633,2018-09-24 02:32:45
1144412996,eca2d576bd9ef7d92f3dd6c451df1e1bc22d737d,33607753,33607753,111042291,2018-09-25 01:32:21
1145185540,cf274ff54022d4388297c86a4c0ef74dd92ddc7b,37632349,37632349,111119915,2018-09-25 15:38:52
1145703601,26ae8bd56841b202109928e3c4ed3a9f145b2102,39403984,39403984,111162495,2018-09-26 00:49:58
1146399832,9f832d9f1e7960c8be08365fbc4902c8baaf6acd,41110576,41110576,111238522,2018-09-26 14:47:50
1146486172,82ec79ad4626e8f872a5ce67b7439cd84fbfc24b,9533012,9533012,111245622,2018-09-26 16:02:35
1146661340,e2277f09c4d994d890d507ae3f24882d0e12bbf2,45243237,45243237,111261684,2018-09-26 18:59:14
1147148725,bd6e6664b19b0ce8ead6dfa988aefc4a41aa6898,36364449,36364449,111307251,2018-09-27 05:38:53
1149725758,1eddd32c110117c775f476ab93a1e6adf8b9c94c,44036362,44036362,111552443,2018-09-29 09:37:46
1150300284,6934a63609571d6497075178067d897191a413b9,31973974,31973974,111608505,2018-09-30 00:57:27
1150973785,66469c4defa349386ee301281b8a39bb95e04923,43609830,43609830,111678575,2018-09-30 19:47:38
1152253660,c3fd570b27c74c078f7cc1a153b4ad51437c3878,43883379,43883379,111799110,2018-10-01 20:54:21
1152598667,fe46040b2f15c052d229bd9da29da57d24750836,3735107,3735107,111829426,2018-10-02 03:52:41
1153114989,b8f68b1c0f87d33448740ca505ae20adc144eeb1,30578485,30578485,111880917,2018-10-02 14:01:16
1153371997,93fde32d1ef1c39ae1b83699714ebeb387b9c033,37671225,37671225,111904399,2018-10-02 17:35:15
1153582287,984f670ad07cde0ee0d7b00c30445199bd7b7cc6,32774484,32774484,111922492,2018-10-02 20:37:23
1155035813,ca3cf8fdd1584d3a5026df4bd802dd469f741726,45683110,45683110,112058914,2018-10-04 01:28:20
1155193826,f62f5aab252ea5f445415ccd18e8743674ee26b3,44017444,44017444,112074619,2018-10-04 05:37:31
1155787003,c00e0884d7996a2380c5dcce23e98338ded8a981,44129644,44129644,112131993,2018-10-04 16:16:39
1155992686,81c354f192e1c26237ab1020e8e890272f977e2d,37085435,37085435,104498672,2018-10-04 19:40:15
1156226461,706d2e0832ff07e3884feef4ff29b5396994c1be,39502685,39502685,112169376,2018-10-05 00:15:58
1156319044,17fedfcc65b5de332285219b359c1b31745f2794,13678327,13678327,112177585,2018-10-05 02:34:59
1156743690,bf429ff10b3b858e693e53418a2430f4047ffa54,9212075,9212075,112218879,2018-10-05 12:10:00
1160317832,f2f3e93726c756d917e7816c71504c8c0d07d0cc,44818192,44818192,112556813,2018-10-08 21:00:29
1160500970,8a83c9cb013dc5ae152870e30c606cc1cf19d117,43748429,43748429,112571992,2018-10-09 01:04:03
1161865183,19e37bb2ec2cb7b0251f5919b920f9470dbb97c6,32216118,32216118,112715612,2018-10-10 02:55:07
1165261949,0ebdb0a144dab9213fbfa1a6c606a85b203afbcf,37768368,37768368,113063908,2018-10-12 21:30:31
1166147788,fd145c2276ffdc8d20142b19f8dcdc298fee6af8,13692780,30351173,113154907,2018-10-13 23:35:40
1167611755,4743acc6d4792eb85aa5335599cf707de3b83611,38790472,38790472,113299423,2018-10-15 12:19:26
1168179028,8e22c37a18b7347e2588ace9f785d239f97009b8,6780876,6780876,113353501,2018-10-15 20:56:16
1168313447,972ef492c44ee68a62c3a6ac14cfdcb05031c0cc,44582040,44582040,113362464,2018-10-15 23:18:56
1169638694,1d26975f9f53b48c21e46bf52a3f4196a771989a,43990358,43990358,113496937,2018-10-16 23:05:33
1170786358,dd0d9a7045eb950e18519b720c8a4cd7986f0995,23605398,23605398,113614525,2018-10-17 20:18:16
1172054388,0ea7253499c8196951b973c0d546497c8098e96c,44266524,44266524,112565815,2018-10-18 20:13:36
1172108329,7d30cb72fd1fd9713a696a8e1dd9271b7fb05d87,33710000,33710000,113745705,2018-10-18 21:13:49
1173058291,cae0da53ce507ac5443015cd87eaacef690e247a,43514908,43514908,113844052,2018-10-19 16:46:07
1173239825,9ac4d8ff48a2712a57504f864e121ed7a674e4db,37539754,37539754,113860442,2018-10-19 20:07:46
1173425262,b336ee17a6ab2111b4cc0552af3361b45b15f89d,44367471,44367471,113875989,2018-10-20 00:46:13
1174842415,ac6ecfbdc62cc487c577a2165dc91bda7d266fc8,43759161,43759161,114017943,2018-10-21 16:49:57
1181341746,c200907cff61c30060a723967894d41176a8787e,44458185,44458185,114676487,2018-10-27 05:14:31
1184186992,a65371aba95da161ceb7919f0195085709facbf9,37848489,37848489,114984381,2018-10-29 23:04:23
1185817274,ae16834aa6cedf290525c9bfa29211f81048c7b3,40454788,40454788,115125027,2018-10-30 23:41:29
1186180214,91c9adb62cc0c5ee6a1a88ca600f5efe8881e5c1,10278734,10278734,114428356,2018-10-31 05:36:15
1186849858,85e1918b23471b399b6e324d5010a8d1aed4b906,43382315,43382315,115226842,2018-10-31 18:22:18
1187024930,1540d32f1aedc441763ab66eeaa3fc2365d92228,40926535,40926535,115242516,2018-10-31 20:49:54
1187595689,229efce140e9d33e0357804eb3f9078ebbfa0d64,43883335,43883335,115299879,2018-11-01 09:33:32
1190019345,4aa7c91fea54efe2040adc4cda012274b5c28bb5,31834271,30351173,115534662,2018-11-03 15:02:12
1192323790,6bb1795b59ccaf750ae4bc3cc6725a3259c7630e,44461978,44461978,115682346,2018-11-05 21:02:06
1194300943,f98ac5f7865f4dc2a80c0701d89bbebd85ea832e,31941460,31941460,115932342,2018-11-07 06:34:39
1194756187,dc46dbf8480e955fc8862e7ca51fd44b5503a036,45731542,45731542,115979412,2018-11-07 14:39:52
1197917452,ecbb83d62eb8bbc7a82858d8aedd05d71aff775f,44832107,44832107,116267839,2018-11-10 01:29:12
1201181334,7a1cda3e1a786f072bf55296a5eeef2b3b05b464,6374373,6374373,116562264,2018-11-13 03:07:29
1206655667,a9ce2e3873eb1168fa5b62e6f9304ad494b51a01,35466259,35466259,117093661,2018-11-17 15:37:54
1209372356,e6dc6361bd6786c0f0788358912056a09382002d,45469635,45469635,117351282,2018-11-20 02:32:13
1209507485,4d2a09ca0a6a959feae56cce5f70292ed5fb309d,34908029,34908029,89173863,2018-11-20 04:30:23
1209941262,6eacf784dc95e237668520edfbbfc1f9a23450d4,36295167,36295167,117408009,2018-11-20 13:01:10
1210437275,e4e2c27eeb0ed43ebd90e943f26cbb9794eea860,8082368,8082368,117450658,2018-11-20 20:29:53
1210497178,c87912e63313275d66afd2bf36fe5f409627699a,2076088,2076088,117455475,2018-11-20 21:35:28
1211411470,dafa704e924a2f45924ef430e1fbcff4b271f5db,2076088,2076088,117544573,2018-11-21 15:24:18
1212035364,22cfadb2a6acd43663238ac7983e97ecb9281c7d,46541312,46541312,117600335,2018-11-22 03:34:11
1220931301,325263261b60b2313c031b3cdc556fbac34d0436,10032958,10032958,118484173,2018-11-30 02:45:41
1221316469,adf2c3e68d551bd4ecd95e816816583294c888a3,44042402,44042402,118504003,2018-11-30 06:54:56
1223149271,4b6cd67d82129f0d89e1f0c5d4d35962759499d8,39401540,39401540,118662342,2018-12-01 19:16:18
1228041634,1c0d7cb9d5cf7564be81eb57676344c79e1da688,36817477,36817477,119112771,2018-12-05 16:01:16
1228661435,4e46cf8e4863f3ae4f52d184fe3544d2266a985c,36651518,36651518,119160269,2018-12-06 02:20:58
1230096275,404dfc453f590942af9aa27dc04d2fe1c7699b52,44005829,44005829,119297396,2018-12-07 05:23:24
1230797839,88824da65a5b68c1e6f0b9d9ec38d49b030e4cc0,47340806,47340806,119366497,2018-12-07 18:20:39
1231673077,e6ba40b81a8ced5d3bc3717bd39f6e97467c4023,42720225,42720225,119454139,2018-12-08 17:49:16
1232007439,d8205269a9fc0d9e6c08b4da45768f7b8cafe375,12026418,12026418,119513155,2018-12-09 23:37:13
1232248944,f9533d0c2fbb03de8a2d6836d507f37a79eae8e3,9650938,9650938,119575986,2018-12-10 23:38:21
1234653431,da1dfda305dcb4ea2b9d564121a238667075d72d,37588746,37588746,119885382,2018-12-13 07:58:57
1240062690,6e10109a33aaf8a44e39d566f329c90ef889aa12,46128002,46128002,120250255,2018-12-16 02:43:46
1242359559,7ae1b1a2c25b7c478957fdb83e98f81f487d2c71,37276587,37276587,120411625,2018-12-17 16:33:23
1242629581,266af8c110f0ce3601e422d25e30d0db2dfde730,45053409,45053409,120434626,2018-12-17 21:09:54
1246340676,22970fad079ad953089d776050a3e4d07df61f73,34616522,34616522,120775014,2018-12-20 20:50:21
1246343746,8532ae7cbea299f4f00997baa13b02f2bbf6ac54,34616522,34616522,87329255,2018-12-20 20:53:15
1248383266,d34581d9ba1141e3967a8ac301318a1c0b855984,44394709,44394709,120960939,2018-12-23 05:55:48
1255320677,ddfb46cc16b8f25875ea5393deaca5b4f46db5ab,36138897,36138897,121645936,2019-01-01 05:44:16
1257562153,eea1a625ee56ec32c77ab236de5b5a380604afd4,38062293,38062293,121867204,2019-01-03 15:17:18
1257714362,3cca996c9b8ae6670c92d9051cfe3e5070eb5b20,37098480,37098480,121880458,2019-01-03 18:04:11
1260574562,5bb5a02da43a4bccaa6d430eccde35e3fb6b579f,40413990,40413990,122153863,2019-01-06 21:25:29
1264576442,16ab2383b259c9d2757cc93914a99996c346ce60,43493177,43493177,122540756,2019-01-10 04:37:41
1266703924,5d46c35848ae84de010c145070218e461dff9cdb,34773372,34773372,122740911,2019-01-11 22:39:27
1269270768,b9857262d5467048661081f3e37f92518cb618c7,46232335,46232335,122989751,2019-01-14 17:39:37
1270962674,3262423332aaf3d5ddc3fafa72559ab54ede4f08,11245693,11245693,123143916,2019-01-16 02:17:24
1274207343,6f61d7c6ac6d94eb3a52706c6abd25dd6a7d3f7d,35241373,35241373,123468742,2019-01-18 19:57:22
1278472426,112418abbc6ef733d3545397ff13a9c1b73ec0a0,45586353,45586353,123874877,2019-01-23 01:35:59
1281584080,d437c00561b60797f2611dc006f9b6fbe8c9e331,43904023,43904023,123982934,2019-01-25 16:04:08
1283403386,72328d6348b307cd59fd656eaee666b05c73c5f8,46426669,46426669,124338805,2019-01-27 15:58:11
1284931054,b2264623d5cec5e5da57a177bc5d9c08608d5e4d,24242960,24242960,124473508,2019-01-28 21:33:52
1285135511,7e06befbadf6ead2a9ec1dd75ead425e2bb950b2,13066948,13066948,124489683,2019-01-29 01:30:30
1291015796,10e1935801025935305cfc3695badab11b5a6bad,10148171,10148171,125023638,2019-02-03 05:17:53
1292851042,d299e064be099924f449b3d0e1db5d337376ec06,10970244,10970244,125191928,2019-02-05 08:12:46
1292964692,7d0bea72aa41530e8d62afd711bf7cea9435121c,10867366,10867366,125221319,2019-02-05 18:24:28
1298736458,0122560fd16b2f2c1e0f046265ad65feaa5e7e31,13142081,13142081,126028159,2019-02-15 18:14:30
1299070257,3a7ab983b3e79ad587bff490a966800e15485e19,11316674,11316674,126068067,2019-02-16 00:48:35
1303874688,0fee8af327fc5cd2fa39c0d2c9691c14c986c895,38124863,38124863,126695928,2019-02-19 23:42:42
1305135721,a693621f069d01ef5b40e1bf440bd8d27df295f3,42220344,42220344,126828002,2019-02-20 20:47:42
1319935694,6b91976c06fb9bdaaaea9e22bc86d09be79ae9b7,13224679,13224679,87329255,2019-02-28 07:02:50
1319935697,6913ff510d569e75feb1fe04e88127fe711f81cf,13224679,13224679,87329255,2019-02-28 07:02:52
1319935699,735bcc5ab4a4fe6ef0e4b93a824661f25ee4f310,13224679,13224679,87329255,2019-02-28 07:03:43
1319935701,dc8b4b2e8048a18285130dafe4572fecfcefaf61,13224679,13224679,87329255,2019-02-28 07:03:49
1319935702,55c24b14ff18d4bbf6e3e81fdc6efc7e7857f4b6,13224679,13224679,87329255,2019-02-28 07:03:52
1319935705,d95538656b294f66ee8296c667cee8233ec26991,13224679,13224679,87329255,2019-02-28 07:04:04
1319935673,764da9d2653e5b4c2606e5130035d8668674fe4b,13224679,13224679,127762338,2019-02-28 07:04:12
1319687998,15eaee1ee1e353008810a160a0b1beeb943b78fe,33451083,33451083,127794647,2019-02-28 17:18:25
1322762097,23f2d3b2d750978e0de22ca427ddd90c4aae2f8f,35098884,35098884,100426910,2019-03-05 19:56:50
1361098466,5cc948cb9fa1b1bcafada6c003fb5e519424b39f,33959328,33959328,87329255,2019-03-08 14:11:16
1324804935,c825c3f1e3dfe8d6bd81a789ce663bbec348830b,45034626,45034626,128529956,2019-03-08 20:41:31
1325861463,a69f604f1183c33cf03f3e598653fdbd72d1f983,11869411,11869411,128673707,2019-03-09 19:34:12
1328273523,a9f70c03c676f87ac0db1bee027b582cbeecd470,31037824,31037824,129026129,2019-03-12 00:48:25
1329490863,f6ccfdf03add56c1d2623570b0aedb4e61baa844,2076088,2076088,129209486,2019-03-13 04:04:42
1334899163,048749eea7666776a66982de9765855532258081,14458707,14458707,129701095,2019-03-20 06:27:01
1335025786,de98816b60b632500aeaca775ad5d5386a772ce8,44253543,44253543,129710421,2019-03-20 08:33:04
1338074566,5ae5ba1bf598986a21330045ee47d305b8f03d2f,50040725,50040725,130007193,2019-03-23 18:32:18
1338072982,ae3ef6e8a707a5cb69e782b5b0105296e74def06,30600266,30600266,130007667,2019-03-23 18:33:11
1339951114,5a35e5cf50a88879a7e7614d0053584091828b21,7446001,7446001,130175899,2019-03-26 02:09:12
1351323410,7e3cba70b1774aefc2a30fa4a58ada8d13c7e9e9,10321428,10321428,131304480,2019-04-03 21:22:10
1355819921,ad03ad12a2449003036bbc2b4256680fe61a57f4,44594019,44594019,131725189,2019-04-07 23:31:45
1357035625,df158130792fb1b7fc374661fe4c1c382c29093d,11103797,11103797,131839620,2019-04-08 19:16:09
1359483816,cfed8b0f95743d3fd6bee36e5f13557ac440b415,33455035,33455035,120439331,2019-04-10 14:04:03
1361419918,f509913bd4d1698a2861ceb3696f35f18b873415,45063342,45063342,132264233,2019-04-11 23:43:42
1367421463,eba1bdd6c7ec0092aad4244dc1e50e8c525eb31b,37505368,37505368,132891386,2019-04-18 21:45:52
1369902005,ec74754103aaad25d754e0239f709747eeff53ab,36567601,36567601,133212747,2019-04-22 13:38:30
1370254074,6a10191cd843e4b87864f4be24a2de9d8a4787f8,33162667,33162667,133248258,2019-04-22 18:39:26
1380494528,4768c1513bccdd40a31d28886a740b8c630542b6,39302743,39302743,134263919,2019-05-01 00:40:26
1380654474,cc8cbde82c68d6b6210b3a0f86f670d67c657436,9373412,9373412,134277826,2019-05-01 04:35:08
1385924098,b12eb6e5ef12b1c699411a84a60105ef8059105a,11016969,11016969,134761772,2019-05-06 00:11:22
1392996999,f3a6bc253c5522664bf6a4c1788232e9490d7574,9345770,9345770,103403584,2019-05-11 17:00:23
1395628386,367c0de7afaad6d6bf69b09a06e4678012e46870,9351676,9351676,135731691,2019-05-15 19:49:40
1397459222,f5245bf1e8bddba47b7c1126723ec381a4d58aa1,9583629,9583629,135903576,2019-05-17 03:17:58
1397677244,13671586120b3aed1680c1a22fa5c7ea50eff89e,11493083,11493083,135926692,2019-05-17 07:39:07
1401169617,ddabf36c0f391d1e5a2e1e727f62a6124d2740bb,33596417,33596417,136259558,2019-05-20 14:14:43
1404232985,de7f9bc1e3f91866f637448f4c9c34eb48733ac7,37554036,37554036,136553895,2019-05-22 19:18:14
1407191876,1715866c1080368db6f32a7e33c38a168f80d2c3,35487804,35487804,136835171,2019-05-25 03:15:27
1409947189,db79c3cb8367a9a32db1000e2609ef77a69a2257,5407976,5407976,137104301,2019-05-27 22:21:27
