id,head_repo_id,base_repo_id,head_commit_id,base_commit_id,pullreq_id,intra_branch,merged,opened_at,closed_at
13040958,33516150,33173036,406669637,406669630,4,f,f,2016-03-14 18:00:52,2016-03-28 18:16:16
13157125,33719350,33173036,409353578,409353560,6,f,f,2016-03-18 18:01:37,2016-03-18 23:06:50
13300010,33516150,33173036,412657465,411055254,10,f,f,2016-03-24 12:18:54,2016-03-28 18:16:16
14141285,35600130,33173036,432506627,429226563,18,f,f,2016-04-23 20:42:14,2016-04-25 10:40:05
14390281,33516150,33173036,437840367,437496720,21,f,f,2016-05-02 14:54:07,2016-05-30 14:44:45
14413275,36283139,33173036,438274843,437496720,22,f,f,2016-05-03 06:19:57,2016-05-03 13:14:53
15036906,37644518,33173036,453071570,453071552,34,f,f,2016-05-26 14:55:55,2016-06-21 01:30:59
15037986,37644518,33173036,453094154,453071552,35,f,f,2016-05-26 15:31:37,2016-06-20 23:44:30
15553993,37644518,33173036,467789918,466740488,59,f,f,2016-06-22 05:25:35,2016-06-22 11:42:31
15730494,33173036,33173036,475274762,475274751,78,t,f,2016-07-12 05:49:34,2016-07-12 10:18:47
15842519,37644518,33173036,480526218,479910499,86,f,f,2016-07-21 13:29:44,2016-07-24 11:12:56
15856365,37644518,33173036,481131045,479910499,88,f,f,2016-07-22 15:45:08,2016-07-23 12:33:27
15856474,37644518,33173036,481134388,479910499,89,f,f,2016-07-22 15:52:48,2016-07-23 12:42:26
15864988,37644518,33173036,481421905,481421891,90,f,f,2016-07-23 15:54:18,2016-07-24 11:17:30
15869714,37644518,33173036,481831737,481829927,91,f,f,2016-07-24 11:26:42,2016-07-24 11:47:04
16075796,42586988,33173036,485953787,487797895,95,f,f,2016-08-01 17:35:58,2016-08-07 00:50:59
16088343,42904616,33173036,487902973,487902964,96,f,f,2016-08-07 23:32:20,2016-08-08 10:29:05
16136313,33173036,33173036,488311582,488311571,97,t,t,2016-08-09 18:14:31,2016-08-11 11:34:02
16228596,43427152,33173036,492377327,492264635,100,f,f,2016-08-12 08:10:06,2016-09-04 19:25:43
16247486,37644518,33173036,493296361,492661774,102,f,f,2016-08-14 09:44:45,2016-08-17 16:45:33
16251742,37644518,33173036,493409127,492661774,104,f,f,2016-08-14 16:05:13,2016-08-17 16:46:25
16389771,37644518,33173036,496565053,496258587,117,f,f,2016-08-19 13:02:33,2016-08-20 13:06:25
16510105,37644518,33173036,499380403,499351233,122,f,t,2016-08-24 13:10:27,2016-08-24 13:42:24
16517025,37644518,33173036,499496755,499398126,123,f,f,2016-08-24 16:25:24,2016-09-02 19:30:44
16765711,37644518,33173036,505779086,505762471,130,f,f,2016-09-02 19:31:49,2016-09-03 09:28:11
16836591,33173036,33173036,507649531,506657978,132,t,f,2016-09-06 12:23:32,2016-09-07 12:03:48
16968900,45508074,33173036,510451960,510197781,137,f,f,2016-09-11 00:18:28,2016-09-11 00:26:26
16985223,45558452,33173036,510929687,510453851,142,f,f,2016-09-12 01:27:50,2016-09-12 16:13:59
17153271,45981520,33173036,514716502,514475591,152,f,f,2016-09-17 21:56:50,2016-09-18 10:34:36
17197713,46112163,33173036,515833096,514475591,155,f,f,2016-09-19 21:35:59,2016-09-24 10:40:49
17219785,46095222,33173036,516091873,514475591,156,f,f,2016-09-20 15:18:30,2016-09-24 10:40:09
17352117,46542112,33173036,519300817,518812630,161,f,f,2016-09-25 12:52:45,2016-09-25 13:32:05
17560742,47398515,33173036,524466260,524437562,172,f,f,2016-10-02 16:06:55,2016-10-02 16:36:43
17581620,46095222,33173036,525027897,524611816,175,f,t,2016-10-03 10:38:38,2016-10-03 10:41:53
17777975,46095222,33173036,530089592,529963378,190,f,f,2016-10-10 13:09:11,2016-10-12 15:59:51
17979777,33516150,33173036,536013151,534881399,201,f,f,2016-10-17 12:05:50,2016-10-19 12:41:29
17980832,33516150,33173036,536050658,534881399,202,f,f,2016-10-17 12:22:14,2019-05-06 22:17:35
18019127,48621432,33173036,537118730,536823129,206,f,f,2016-10-18 22:05:18,2016-10-19 23:48:52
18081955,48813987,33173036,538066037,538061219,210,f,f,2016-10-20 12:40:29,2016-10-24 15:35:56
18996594,51047674,33173036,559701178,559293452,252,f,f,2016-11-19 22:12:13,2016-11-24 20:59:32
19243222,51759163,33173036,566413681,566375374,260,f,f,2016-11-28 20:44:19,2016-11-30 13:35:10
19340896,37644518,33173036,568649726,568483910,263,f,f,2016-12-01 21:43:32,2016-12-01 23:32:56
19343472,33173036,33173036,568698647,568483910,264,t,f,2016-12-01 23:32:22,2016-12-04 12:51:38
19625256,52576316,33173036,573936381,573936310,266,f,f,2016-12-11 23:04:45,2017-02-07 17:13:44
19723218,52696451,33173036,575479407,574808096,269,f,f,2016-12-16 18:51:20,2017-01-21 01:12:12
20040106,42904616,33173036,588840964,585063306,272,f,f,2016-12-24 03:27:48,2016-12-31 17:52:15
19968865,53574676,33173036,586262454,586192134,275,f,f,2016-12-27 23:11:41,2017-01-05 12:15:34
20054799,53871967,33173036,589281337,589074872,278,f,f,2017-01-02 00:49:29,2017-01-05 01:20:47
20069347,53917023,33173036,589661742,589074872,279,f,f,2017-01-02 19:37:09,2017-01-03 16:12:32
20140415,33173036,33173036,591244778,591169933,283,t,f,2017-01-05 04:41:52,2017-01-21 01:12:12
20169119,33173036,33173036,591848703,591616473,284,t,f,2017-01-06 00:21:51,2017-01-23 16:19:51
20185121,53871967,33173036,592247227,591616473,285,f,f,2017-01-06 15:03:51,2017-01-18 16:59:47
20228260,33173036,33173036,593248410,591616473,286,t,f,2017-01-08 13:31:15,2017-01-12 13:00:50
20255885,33173036,33173036,593916891,591616473,287,t,f,2017-01-09 14:38:43,2017-01-23 16:16:38
20257870,54403004,33173036,593958628,591616473,288,f,f,2017-01-09 15:44:13,2017-01-10 06:35:03
20280991,54403004,33173036,594401571,591616473,289,f,f,2017-01-10 06:33:30,2017-01-23 14:00:58
20289619,53871967,33173036,594592288,591616473,290,f,f,2017-01-10 13:15:58,2017-01-24 16:52:28
20292743,33173036,33173036,594658471,591616473,291,t,f,2017-01-10 15:04:41,2017-01-23 12:32:39
20296824,53871967,33173036,594742600,591616473,292,f,f,2017-01-10 17:14:50,2017-01-23 17:12:38
20346423,53871967,33173036,595744926,591616473,293,f,f,2017-01-12 01:18:15,2017-01-30 13:31:45
20367861,33173036,33173036,596216275,596054171,296,t,f,2017-01-12 17:12:23,2017-01-23 12:48:45
20434672,53871967,33173036,597777584,596841627,298,f,f,2017-01-15 02:34:14,2017-03-11 23:28:51
20480844,53871967,33173036,598962445,596841627,300,f,f,2017-01-16 23:22:30,2017-01-17 14:15:01
20498636,33173036,33173036,599368905,599294967,302,t,f,2017-01-17 14:03:42,2017-01-19 16:33:29
20637444,33173036,33173036,601731959,601357978,311,t,f,2017-01-21 13:06:25,2017-01-23 11:08:27
20638358,46035162,33173036,601783031,601357978,312,f,f,2017-01-21 14:15:20,2017-01-28 23:44:56
20638813,33173036,33173036,601817252,601357978,313,t,f,2017-01-21 14:44:12,2017-01-23 12:54:17
20654602,53871967,33173036,603095422,601357978,317,f,f,2017-01-22 10:11:59,2017-01-26 19:18:49
20659903,33173036,33173036,603260628,601357978,318,t,f,2017-01-22 16:35:28,2017-01-23 16:54:08
20708795,33173036,33173036,604373318,603992324,327,t,t,2017-01-24 11:47:33,2017-01-25 16:02:29
20717443,55576393,33173036,604443384,603992324,328,f,f,2017-01-24 16:10:46,2017-01-24 17:25:46
20726655,33173036,33173036,604511077,604373343,330,t,f,2017-01-24 21:14:26,
20858074,33173036,33173036,608248787,607900563,339,t,t,2017-01-29 00:03:39,2017-02-28 01:47:25
20885313,33173036,33173036,609001311,609001310,343,t,f,2017-01-30 14:26:08,2017-01-30 23:59:37
20900963,55576393,33173036,609141761,609001310,345,f,f,2017-01-30 21:50:37,2017-01-30 22:34:13
20917223,33173036,33173036,609782922,609617762,349,t,t,2017-01-31 13:05:02,2017-01-31 13:19:02
20918026,33173036,33173036,609790302,609758750,350,t,t,2017-01-31 13:29:00,2017-02-01 13:31:12
20914917,33173036,33173036,609758751,609758750,351,t,t,2017-01-31 14:18:49,2017-01-31 15:25:44
20915909,33173036,33173036,609766120,609766113,352,t,t,2017-01-31 15:27:56,2017-02-01 15:52:41
20930330,33173036,33173036,609891028,609766113,353,t,t,2017-01-31 19:30:35,2017-02-01 13:26:36
20948215,33173036,33173036,610556002,609766113,354,t,f,2017-02-01 10:47:21,
20996769,33173036,33173036,611159847,611019225,356,t,t,2017-02-02 17:17:21,2017-02-05 14:22:26
21034261,33173036,33173036,611762555,611019225,358,t,t,2017-02-03 18:31:22,2017-02-05 22:19:48
21053624,49900822,33173036,612038428,611019225,360,f,f,2017-02-05 02:35:18,2017-02-10 03:26:43
21052496,33173036,33173036,612018193,611019225,363,t,t,2017-02-05 11:21:46,2017-02-05 15:17:14
21053049,33173036,33173036,612033448,611019225,364,t,t,2017-02-05 13:21:48,2017-02-05 15:41:28
21054146,33173036,33173036,612064974,612064970,365,t,f,2017-02-05 16:25:15,2017-02-13 21:56:14
21059528,33173036,33173036,612174626,612064970,366,t,t,2017-02-05 20:05:06,2017-02-06 15:36:51
21068915,33173036,33173036,612463456,612447536,368,t,t,2017-02-06 15:39:05,2017-02-10 17:09:52
21099351,33173036,33173036,612722058,612447536,370,t,f,2017-02-06 19:38:33,2017-02-09 19:04:05
21101356,33173036,33173036,612734366,612447536,371,t,t,2017-02-06 21:18:31,2017-02-07 20:53:57
21067958,33173036,33173036,612447540,612447536,373,t,t,2017-02-07 09:30:07,2017-02-08 06:41:38
21073757,33173036,33173036,612534529,612447536,375,t,t,2017-02-07 16:23:34,2017-02-09 21:16:08
21130097,33173036,33173036,612909913,612447536,376,t,f,2017-02-07 16:34:31,
21181137,33173036,33173036,613283103,613283091,379,t,t,2017-02-08 16:19:53,2017-02-09 17:27:47
21186556,33173036,33173036,613322734,613283091,380,t,f,2017-02-08 19:08:31,2017-02-09 18:38:34
21227571,33173036,33173036,613652081,613652069,384,t,t,2017-02-09 21:48:09,2017-02-10 03:29:37
21237119,33173036,33173036,613886331,613886327,385,t,t,2017-02-10 03:57:21,2017-02-10 15:18:11
21241983,33173036,33173036,614061160,613886327,387,t,t,2017-02-10 08:33:45,2017-02-10 17:14:14
21262350,48813987,33173036,614410494,614410491,390,f,t,2017-02-10 20:15:02,2017-02-14 17:48:25
21266380,48813987,33173036,614479937,614410501,391,f,f,2017-02-10 22:29:13,2017-02-10 23:08:17
21284368,33173036,33173036,615300413,614410501,392,t,t,2017-02-11 18:03:24,2017-02-20 17:21:53
21312613,56956649,33173036,616899324,614410501,395,f,t,2017-02-13 00:47:38,2017-02-14 18:24:03
21324922,33173036,33173036,617238551,614410501,396,t,t,2017-02-13 12:11:13,2017-02-13 12:38:38
21341844,51759163,33173036,617531554,617531550,397,f,t,2017-02-13 21:21:24,2017-02-17 10:00:14
21361200,57098034,33173036,617888541,617531550,399,f,t,2017-02-14 10:09:18,2017-09-15 16:01:22
21366377,33173036,33173036,618017011,617531550,400,t,t,2017-02-14 13:37:20,2017-02-15 09:14:15
21368211,33173036,33173036,618054146,617531550,401,t,t,2017-02-14 14:34:07,2017-02-14 14:49:33
21408869,33173036,33173036,618796760,618796749,402,t,t,2017-02-15 16:34:30,2017-02-16 06:53:53
21420667,57237345,33173036,618963371,618796749,403,f,f,2017-02-15 22:30:59,2017-02-16 01:26:55
21428137,33173036,33173036,619094070,618796749,405,t,t,2017-02-16 03:58:59,2017-02-20 16:48:05
21431454,33173036,33173036,619173451,619173450,406,t,t,2017-02-16 07:16:03,2017-02-16 07:16:32
21444464,57281463,33173036,619369078,619369075,408,f,f,2017-02-16 15:12:54,2017-02-24 16:37:18
21507437,57281463,33173036,620895776,620895763,411,f,t,2017-02-18 12:03:07,2017-02-24 16:37:17
21509466,57281463,33173036,621193438,621193437,412,f,t,2017-02-18 14:32:05,2017-02-18 14:40:02
21521128,33173036,33173036,622349181,622349169,413,t,t,2017-02-19 01:06:01,2017-02-20 16:53:38
21537954,33173036,33173036,624680601,624680600,415,t,f,2017-02-19 20:39:02,2018-02-21 15:31:08
21550725,57098034,33173036,625994068,624680600,417,f,t,2017-02-20 09:06:38,2017-02-20 17:01:36
21571320,33173036,33173036,626620886,626620881,418,t,t,2017-02-20 20:11:25,2017-02-23 12:26:31
21597827,33173036,33173036,628075924,626620881,419,t,t,2017-02-21 14:48:28,2017-02-23 12:26:31
21614930,57098034,33173036,628385384,626620881,420,f,t,2017-02-21 22:20:06,2017-02-24 14:43:37
21643551,33173036,33173036,629309944,626620881,422,t,t,2017-02-22 16:47:10,2017-02-27 12:58:21
21660199,49900822,33173036,629501890,629501888,426,f,f,2017-02-23 00:22:57,2017-03-07 12:10:23
21740344,33173036,33173036,631764249,631465418,431,t,f,2017-02-25 01:34:23,2018-02-21 15:31:11
21747273,33173036,33173036,631972788,631824225,433,t,t,2017-02-25 10:46:22,2017-02-25 11:47:15
21751235,33173036,33173036,632093851,631995254,434,t,t,2017-02-25 15:45:33,2017-02-25 16:15:24
21778777,33173036,33173036,632841767,632108486,437,t,f,2017-02-26 21:19:44,2017-06-05 14:42:53
21795812,33173036,33173036,633274198,632108486,439,t,t,2017-02-27 12:00:25,2017-02-28 00:52:02
21796385,33173036,33173036,633288512,632108486,441,t,t,2017-02-27 12:25:34,2017-03-06 14:16:05
21827947,33173036,33173036,633945097,633788666,443,t,t,2017-02-28 07:27:32,2017-03-07 12:19:13
21831285,33173036,33173036,634023976,633788666,444,t,t,2017-02-28 09:51:37,2017-02-28 12:30:37
21888071,57098034,33173036,635168425,634113824,447,f,t,2017-03-01 18:28:54,2017-03-07 12:05:16
21911011,57098034,33173036,635603752,634113824,448,f,f,2017-03-02 08:32:27,2017-05-12 16:04:00
21912167,57098034,33173036,635639686,634113824,449,f,t,2017-03-02 09:17:19,2017-03-07 12:02:44
21998535,58763409,33173036,637515849,634113824,452,f,t,2017-03-04 20:04:22,2017-03-17 02:34:21
22018688,57098034,33173036,638220204,634113824,455,f,f,2017-03-05 20:10:21,2017-03-06 14:21:56
22036476,33173036,33173036,638650251,634113824,456,t,f,2017-03-06 11:10:55,2017-03-06 14:01:28
22056427,57098034,33173036,639016235,638809143,457,f,f,2017-03-06 20:06:55,2017-03-07 15:06:12
22119498,33173036,33173036,640334308,639541772,459,t,t,2017-03-08 11:20:28,2017-03-11 23:38:39
22239042,33173036,33173036,642796732,639541772,463,t,t,2017-03-11 14:35:10,2017-03-11 18:46:01
22285530,33173036,33173036,643953199,643917104,466,t,t,2017-03-13 10:39:07,2017-03-16 20:22:54
22288717,33173036,33173036,644022038,643917104,467,t,f,2017-03-13 12:40:58,2017-03-28 14:28:45
22368891,53574676,33173036,645631423,643917104,470,f,f,2017-03-15 10:06:34,2017-05-12 15:57:25
22382191,33173036,33173036,645896316,643917104,472,t,t,2017-03-15 16:28:14,2017-03-17 02:27:11
22407936,33173036,33173036,646433405,643917104,475,t,f,2017-03-16 08:10:37,2017-05-26 13:58:46
22445276,33173036,33173036,647141828,647115461,476,t,t,2017-03-17 03:29:19,2017-03-22 16:45:36
22456782,33173036,33173036,647417048,647115461,477,t,t,2017-03-17 12:44:36,2017-03-17 14:40:09
22585352,43427152,33173036,650059262,647493938,482,f,f,2017-03-21 10:39:42,2017-05-12 15:54:02
22657372,33173036,33173036,650608209,650608206,483,t,t,2017-03-23 09:37:22,2017-03-30 15:23:08
22761319,33173036,33173036,653219837,650608206,488,t,t,2017-03-26 16:53:08,2017-03-30 22:28:22
22784790,33173036,33173036,655588871,650608206,490,t,t,2017-03-27 12:45:44,2017-03-28 13:23:29
22785441,43427152,33173036,655592658,650608206,491,f,t,2017-03-27 13:06:17,2017-04-17 12:15:56
22940589,33173036,33173036,659019685,658958461,493,t,f,2017-03-31 00:40:18,2017-04-12 01:36:19
23144532,33173036,33173036,663293468,660387338,494,t,t,2017-04-05 20:20:15,2017-04-08 21:05:58
23270294,33173036,33173036,666148007,665837837,497,t,t,2017-04-09 09:16:53,2017-04-29 12:53:18
23284049,33173036,33173036,666501434,666450958,515,t,t,2017-04-09 22:39:09,2017-04-12 01:26:03
23326462,33173036,33173036,667441338,666450958,517,t,f,2017-04-11 01:04:04,2017-04-12 01:32:06
23419417,33173036,33173036,669358464,669358455,521,t,f,2017-04-13 09:44:09,2017-04-21 17:46:27
23463808,33173036,33173036,670258290,669492209,523,t,t,2017-04-14 14:24:50,2017-04-17 12:15:16
23491492,62421785,33173036,670849235,670383569,527,f,f,2017-04-15 14:46:05,2017-08-24 17:37:17
23495255,33173036,33173036,670947562,670383569,528,t,t,2017-04-15 18:27:42,2017-04-29 10:34:06
23589127,33173036,33173036,673175109,672778588,534,t,f,2017-04-18 22:12:50,2017-04-21 23:01:45
23604007,33173036,33173036,673534406,672778588,536,t,t,2017-04-19 09:43:44,2017-04-19 15:38:58
23611166,33173036,33173036,673690294,673653018,537,t,t,2017-04-19 13:50:21,2017-04-20 00:20:09
23641245,37644518,33173036,674341022,674127837,539,f,f,2017-04-20 07:40:35,2017-11-12 01:25:13
23642397,33173036,33173036,674368284,674127837,540,t,t,2017-04-20 08:26:05,2017-04-29 10:10:02
23749736,33173036,33173036,676750750,675673524,545,t,t,2017-04-23 16:32:01,2017-04-24 15:57:16
23782966,49900822,33173036,677525950,677470414,547,f,f,2017-04-24 17:13:24,2017-11-12 01:25:26
23797911,63201446,33173036,677835417,677470414,548,f,t,2017-04-25 01:14:45,2017-04-25 06:23:21
23824942,49900822,33173036,678447571,677985743,549,f,t,2017-04-25 17:35:55,2017-04-29 14:11:48
23836995,33173036,33173036,678679174,677985743,550,t,f,2017-04-25 23:19:01,2017-11-12 01:25:48
23942773,33173036,33173036,680902899,680836641,557,t,t,2017-04-28 13:55:41,2017-05-18 12:01:46
23970443,33173036,33173036,681469846,681451553,559,t,t,2017-04-29 11:29:49,2017-05-02 02:41:56
23971332,33173036,33173036,681494763,681451553,560,t,t,2017-04-29 12:41:09,2017-05-02 02:46:44
23973246,63201446,33173036,681536582,681531125,561,f,t,2017-04-29 14:35:18,2017-05-26 22:58:55
24016689,33173036,33173036,682632121,681531125,564,t,t,2017-05-01 13:23:41,2017-05-03 12:41:17
24040150,33173036,33173036,683103611,683091740,565,t,f,2017-05-02 03:11:20,2017-05-12 15:49:09
24059450,37644518,33173036,683517079,683481466,568,f,f,2017-05-02 15:09:59,2017-05-13 12:31:01
24079656,33173036,33173036,683889575,683481466,570,t,f,2017-05-03 00:54:05,2017-05-12 15:46:47
24144764,33173036,33173036,685307779,684898969,573,t,f,2017-05-04 15:44:00,2017-06-10 14:44:13
24200958,33173036,33173036,686497198,684898969,574,t,f,2017-05-06 00:36:00,2017-05-12 15:28:01
24460598,53871967,33173036,692130615,691581258,578,f,t,2017-05-13 12:49:18,2017-05-13 12:50:26
24461737,33173036,33173036,692159665,692131105,579,t,f,2017-05-13 13:57:07,2017-05-18 11:50:32
24463707,33173036,33173036,692210873,692131105,580,t,t,2017-05-13 15:45:10,2017-05-18 11:48:50
24511227,33173036,33173036,693321794,692131105,581,t,f,2017-05-15 12:16:37,2017-05-17 16:33:32
24523731,33173036,33173036,693577816,692131105,582,t,t,2017-05-15 18:10:30,2017-05-17 16:32:36
24817972,65598295,33173036,699738783,699622894,592,f,t,2017-05-24 08:38:01,2017-06-24 12:04:54
24863000,33173036,33173036,700630915,700243639,594,t,t,2017-05-26 12:08:45,2017-05-30 11:45:10
24884567,65709198,33173036,701078551,701035713,595,f,t,2017-05-27 00:50:12,2017-06-05 14:15:30
24971140,33173036,33173036,703316491,703273272,598,t,t,2017-05-30 12:54:05,2017-06-05 13:38:59
25051317,33173036,33173036,704999545,704281139,600,t,t,2017-06-01 13:16:52,2017-06-01 14:04:17
25059532,66167184,33173036,705161937,705035094,602,f,t,2017-06-01 16:57:05,2017-06-24 12:27:16
25092342,33173036,33173036,705745296,705268178,604,t,t,2017-06-02 10:55:05,2017-06-05 14:25:24
25131032,63201446,33173036,706530951,705971313,605,f,t,2017-06-03 14:32:39,2017-06-03 15:18:51
25132364,33173036,33173036,706566391,706552879,606,t,f,2017-06-03 15:50:22,2017-06-24 11:18:49
25142542,66338539,33173036,706800794,706552879,608,f,t,2017-06-04 02:25:35,2017-06-04 12:25:16
25166512,33173036,33173036,707505177,707030459,611,t,t,2017-06-05 07:15:09,2017-06-05 09:47:18
25166543,33173036,33173036,707505860,707030459,612,t,t,2017-06-05 07:17:00,2017-06-05 09:47:44
25177280,33173036,33173036,707752216,707748105,614,t,t,2017-06-05 14:21:05,2017-06-05 14:26:18
25211312,33173036,33173036,707696982,707795318,615,t,f,2017-06-06 10:58:53,
25218980,33173036,33173036,708593245,707795318,617,t,f,2017-06-06 14:49:40,2017-06-10 14:43:58
25223085,33173036,33173036,708666913,707795318,618,t,f,2017-06-06 16:25:15,2017-06-07 22:12:30
25245744,33173036,33173036,709137778,708843643,619,t,f,2017-06-07 07:14:33,2017-06-07 22:12:29
25251308,33173036,33173036,709269180,708843643,620,t,f,2017-06-07 10:32:33,2017-06-07 22:15:38
25261821,33173036,33173036,709468460,709383640,623,t,f,2017-06-07 15:26:49,2017-06-24 10:50:51
25298225,33173036,33173036,710207262,709739651,624,t,t,2017-06-08 13:18:20,2017-06-08 13:51:17
25300035,33173036,33173036,710234233,710231097,625,t,t,2017-06-08 14:07:37,2017-11-30 13:13:12
25311038,33173036,33173036,710407302,710231097,626,t,t,2017-06-08 19:13:58,2017-06-12 23:13:11
25325308,33173036,33173036,710780877,710562773,627,t,f,2017-06-09 06:02:50,2017-06-10 14:15:55
25362066,33173036,33173036,711561669,711085018,630,t,f,2017-06-10 08:27:05,2017-06-10 14:05:53
25377116,63201446,33173036,711951979,711702505,631,f,t,2017-06-11 01:31:10,2017-06-11 09:37:40
25405020,33173036,33173036,712737781,712103622,632,t,t,2017-06-12 09:48:43,2017-06-28 14:42:49
25474456,33173036,33173036,714319854,713737756,633,t,f,2017-06-14 06:25:46,2018-11-17 13:47:51
25525497,33173036,33173036,715321940,714960138,636,t,t,2017-06-15 11:20:41,2017-06-15 11:41:08
25585147,33173036,33173036,716611035,715333017,637,t,f,2017-06-16 23:14:31,2017-06-24 10:33:35
25624044,33173036,33173036,717771578,715333017,639,t,f,2017-06-19 02:27:13,2017-06-24 10:31:00
25679284,33173036,33173036,718911797,715333017,641,t,t,2017-06-20 12:45:37,2017-06-24 10:27:48
25836658,33173036,33173036,722068306,722029971,645,t,t,2017-06-24 14:08:42,2017-06-24 14:09:52
25852400,33173036,33173036,722477087,722136393,649,t,t,2017-06-25 09:21:49,2017-06-25 12:24:48
25854771,68036182,33173036,722558197,722551599,651,f,f,2017-06-25 12:59:34,2017-06-28 14:44:33
26046964,68457169,33173036,726764365,725162907,660,f,t,2017-06-30 10:57:38,2017-07-02 23:55:18
26112605,68632263,33173036,728504810,728499902,661,f,f,2017-07-03 08:30:06,2017-07-06 14:18:09
26147837,68726623,33173036,729373724,728499902,662,f,t,2017-07-04 10:01:22,2017-07-06 10:59:33
26179850,33173036,33173036,730146080,728499902,663,t,t,2017-07-05 11:13:12,2017-07-06 10:56:41
26278587,49900822,33173036,732151100,732022202,665,f,f,2017-07-07 22:16:06,2017-07-14 14:22:04
26293580,33173036,33173036,732523646,732431714,666,t,t,2017-07-08 16:29:04,2017-07-14 14:18:09
26581559,33173036,33173036,738843568,737041410,676,t,t,2017-07-17 14:02:58,2017-07-18 15:03:34
26660591,33173036,33173036,740526356,740073370,679,t,t,2017-07-19 13:25:02,2017-07-20 14:33:57
26700827,33173036,33173036,741313784,740073370,682,t,t,2017-07-20 13:32:14,2017-07-20 14:16:48
26809135,68632263,33173036,743949347,742536348,685,f,t,2017-07-24 09:12:40,2017-08-04 13:57:19
26896030,33173036,33173036,745810676,742536348,688,t,t,2017-07-26 12:07:13,2017-08-07 09:35:39
26982226,33173036,33173036,747554367,742536348,691,t,t,2017-07-28 13:58:47,2017-08-04 11:02:44
27022739,56956649,33173036,748523038,742536348,692,f,t,2017-07-30 05:26:23,2017-08-04 11:32:46
27049627,33173036,33173036,749296778,742536348,694,t,t,2017-07-31 10:53:55,2017-08-03 16:28:51
27140085,71146455,33173036,751140893,742536348,695,f,f,2017-08-02 14:39:52,2017-08-04 11:23:13
27210240,33173036,33173036,752540971,752210629,698,t,t,2017-08-04 07:42:11,2017-08-04 11:00:08
27217191,33173036,33173036,752696212,752681174,700,t,t,2017-08-04 12:10:13,2017-08-04 14:54:45
27232776,68632263,33173036,752987643,752819920,702,f,t,2017-08-04 20:23:49,2017-08-09 12:26:08
27292836,33173036,33173036,754498992,754498985,708,t,t,2017-08-07 11:57:47,2017-08-07 12:19:12
27293130,33173036,33173036,754506022,754500901,709,t,f,2017-08-07 12:10:38,2017-09-26 15:33:39
27297560,33173036,33173036,754563555,754511452,711,t,t,2017-08-07 14:38:47,2017-08-08 12:56:24
27378341,71146455,33173036,756218860,755420037,712,f,t,2017-08-09 11:20:46,2017-08-09 12:26:08
27381439,33173036,33173036,756270302,756252689,713,t,t,2017-08-09 12:44:34,2017-08-22 14:16:56
27385274,33173036,33173036,756305765,756252689,714,t,t,2017-08-09 14:27:23,2017-08-10 12:51:15
27388232,33173036,33173036,756406298,756252689,716,t,t,2017-08-09 15:41:23,2017-08-09 15:48:50
27512979,33173036,33173036,758869337,757130508,718,t,t,2017-08-13 11:33:33,2017-08-13 16:29:10
27624458,33173036,33173036,761555438,759261317,720,t,t,2017-08-16 13:42:08,2017-08-23 10:24:12
27769523,71279270,33173036,764577790,759261317,723,f,t,2017-08-20 21:31:18,2017-09-01 11:49:46
27859679,33173036,33173036,766505685,766569976,724,t,f,2017-08-21 13:22:48,2017-08-23 10:24:10
27821855,33173036,33173036,765785160,759261317,726,t,t,2017-08-22 11:55:58,2017-08-22 14:21:13
27886135,72858444,33173036,767100085,766569976,730,f,t,2017-08-23 22:59:15,2017-09-22 14:51:20
27892014,33173036,33173036,767218754,766569976,731,t,t,2017-08-24 03:35:23,2017-08-28 20:04:03
27946580,33173036,33173036,768333047,766569976,733,t,t,2017-08-25 13:29:14,2017-08-25 16:00:55
27981103,33173036,33173036,769116025,768435768,734,t,t,2017-08-26 19:30:03,2018-05-02 18:07:30
28129480,73441534,33173036,772336844,770431228,740,f,t,2017-08-31 03:05:34,2017-09-06 13:21:08
28379640,33173036,33173036,777586288,777552746,745,t,t,2017-09-07 08:21:24,2017-10-03 14:20:51
28600202,33173036,33173036,782412847,782216164,752,t,t,2017-09-13 13:06:47,2017-09-13 21:57:59
28631785,33173036,33173036,783035408,782795645,756,t,t,2017-09-14 06:05:03,2017-09-15 13:59:08
28687028,33173036,33173036,784186970,784097158,759,t,t,2017-09-15 13:42:32,2017-09-16 16:36:02
28695808,57098034,33173036,784365226,784284843,760,f,t,2017-09-15 17:47:29,2017-09-15 20:48:58
28696144,57098034,33173036,784371227,784284843,761,f,f,2017-09-15 17:56:54,2017-09-15 20:25:11
28701099,57098034,33173036,784461411,784284843,762,f,t,2017-09-15 20:24:01,2017-09-15 20:48:18
28771228,33173036,33173036,786150865,784961445,763,t,t,2017-09-18 11:57:19,2017-09-26 23:31:59
28774323,33173036,33173036,786236767,786236729,764,t,t,2017-09-18 13:34:03,2017-10-03 14:20:28
28793765,57098034,33173036,786698480,786236729,767,f,f,2017-09-18 22:30:35,2017-09-18 22:31:59
28925900,57237345,33173036,789312608,786236729,771,f,t,2017-09-21 21:42:46,2017-12-07 14:46:59
28943511,33173036,33173036,789478866,786236729,773,t,t,2017-09-22 11:18:49,2017-09-22 14:51:04
28978695,75450405,33173036,789750040,789585351,775,f,t,2017-09-23 15:48:45,2017-09-26 14:57:15
28984596,33173036,33173036,789796203,789585351,776,t,t,2017-09-23 21:21:03,2017-09-26 16:26:12
28994138,33173036,33173036,789888401,789585351,779,t,t,2017-09-24 11:25:38,2017-09-26 14:57:16
29006791,33173036,33173036,790214614,789585351,781,t,t,2017-09-24 22:42:14,2017-09-26 14:57:16
29008365,33173036,33173036,790278469,789585351,782,t,t,2017-09-25 00:35:06,2017-09-26 16:56:40
29009126,33173036,33173036,790304475,789585351,783,t,f,2017-09-25 01:25:00,2017-09-26 16:27:56
29039757,33173036,33173036,790966768,789585351,785,t,f,2017-09-25 19:26:20,2017-09-26 16:27:57
29067519,33173036,33173036,792135609,789585351,787,t,t,2017-09-26 11:07:58,2017-09-26 14:57:17
29069550,57098034,33173036,792230420,789585351,788,f,f,2017-09-26 12:12:06,
29094243,33173036,33173036,792981617,792507975,791,t,t,2017-09-26 22:31:41,2017-10-01 11:27:17
29107449,57098034,33173036,793728492,793557991,792,f,t,2017-09-27 06:03:09,2017-10-03 19:26:44
29128845,33173036,33173036,794112500,793557991,793,t,t,2017-09-27 15:29:38,2017-09-29 18:29:50
29136647,33173036,33173036,794269816,793557991,795,t,t,2017-09-27 18:45:41,2017-10-03 19:38:38
29166931,57098034,33173036,794843819,793557991,797,f,t,2017-09-28 11:41:36,2018-05-30 14:27:40
29188286,33173036,33173036,795209688,793557991,798,t,f,2017-09-28 19:48:43,2017-09-29 13:14:37
29193904,33173036,33173036,795295480,793557991,799,t,f,2017-09-28 21:51:52,2017-09-29 13:14:53
29215263,33173036,33173036,795683287,793557991,800,t,f,2017-09-29 10:24:08,2017-09-29 13:15:02
29228029,33173036,33173036,795930939,795786102,801,t,t,2017-09-29 16:38:21,2017-09-29 18:30:19
29257366,33173036,33173036,796508128,796006818,804,t,t,2017-09-30 13:20:34,2017-10-01 11:27:36
29265410,33173036,33173036,796718696,796006818,806,t,t,2017-09-30 20:29:36,2017-10-01 11:27:54
29267001,33173036,33173036,796754365,796006818,807,t,t,2017-09-30 21:49:09,2017-10-02 11:38:29
29285322,75375513,33173036,797207105,797048488,808,f,t,2017-10-01 17:00:51,2017-10-02 11:39:12
29285914,75375513,33173036,797220653,797048488,809,f,t,2017-10-01 17:27:17,2017-10-02 11:39:46
29309938,33173036,33173036,797766588,797761487,811,t,t,2017-10-02 11:47:29,2017-10-03 19:44:27
29317592,33173036,33173036,797923697,797776226,812,t,t,2017-10-02 15:13:24,2017-10-25 16:10:54
29350925,33173036,33173036,798535007,797776226,814,t,t,2017-10-03 08:19:19,2017-10-03 19:44:27
29396888,33173036,33173036,799246188,799027402,818,t,t,2017-10-04 01:35:32,2017-11-30 13:10:39
29525607,76316005,33173036,801573633,801448506,821,f,f,2017-10-06 17:38:48,2017-10-06 18:12:46
29539249,33173036,33173036,801830368,801829577,823,t,t,2017-10-07 00:40:21,2017-10-24 12:27:22
29563580,33173036,33173036,802495415,801829577,824,t,f,2017-10-08 00:10:21,2017-10-14 15:07:57
29563618,33173036,33173036,802496087,801829577,825,t,t,2017-10-08 00:12:10,2017-10-14 15:10:15
29604714,33173036,33173036,803601101,801829577,829,t,t,2017-10-09 11:45:44,2017-10-09 18:37:53
29606805,33173036,33173036,803647003,803640517,830,t,t,2017-10-09 12:44:59,2017-10-14 15:11:19
29608685,33173036,33173036,803690283,803640517,831,t,t,2017-10-09 13:33:26,2017-10-10 09:26:13
29613169,76316005,33173036,803786199,803640517,832,f,t,2017-10-09 15:25:55,2017-10-10 14:10:41
29614175,33173036,33173036,803807008,803640517,833,t,t,2017-10-09 15:47:45,2017-10-10 09:27:09
29640744,33173036,33173036,804362964,803946127,834,t,t,2017-10-10 06:31:10,2017-10-10 14:13:01
29643091,33173036,33173036,804413592,803946127,835,t,t,2017-10-10 07:58:43,2017-10-10 14:13:13
29649949,57098034,33173036,804525651,804475184,838,f,t,2017-10-10 11:20:38,2017-10-10 14:13:31
29679902,33173036,33173036,804743863,804743851,840,t,t,2017-10-11 00:12:03,2017-10-11 16:26:53
29687447,33173036,33173036,804802455,804743851,842,t,t,2017-10-11 06:29:33,2017-10-11 13:11:43
29745450,33173036,33173036,806124635,806124627,846,t,t,2017-10-12 11:17:29,2017-10-19 11:54:06
29750262,33173036,33173036,806283090,806124627,847,t,t,2017-10-12 13:36:29,2017-10-17 08:24:30
29767235,33173036,33173036,806659591,806124627,848,t,t,2017-10-12 20:08:45,2017-10-13 10:15:46
29793295,33173036,33173036,807748682,807712095,851,t,t,2017-10-13 11:14:31,2017-10-14 15:11:49
29794384,33173036,33173036,807771964,807712095,852,t,t,2017-10-13 11:54:46,2017-10-14 15:12:15
29799597,33173036,33173036,807865740,807816500,854,t,t,2017-10-13 14:09:17,2017-10-14 15:12:40
29827709,77341179,33173036,808362998,807816500,856,f,f,2017-10-14 05:33:39,2017-10-14 06:45:40
29835204,33173036,33173036,808528854,807816500,858,t,t,2017-10-14 13:09:37,2017-10-14 15:13:07
29852054,77341179,33173036,808846466,808588478,860,f,t,2017-10-14 23:16:11,2017-10-17 21:23:37
29898695,33173036,33173036,809901687,809901470,863,t,t,2017-10-16 11:24:31,2017-10-16 11:30:47
29903288,33173036,33173036,809999264,809905543,865,t,t,2017-10-16 13:33:50,2017-10-17 12:14:41
29903326,33173036,33173036,810001506,809905543,866,t,t,2017-10-16 13:34:35,2017-10-16 14:34:03
29953882,33173036,33173036,810963706,810951084,867,t,f,2017-10-17 12:34:13,2017-10-17 14:08:25
29962106,33173036,33173036,811082996,810963706,868,t,t,2017-10-17 15:22:53,2017-10-25 15:56:22
30025676,33173036,33173036,812286877,811392854,871,t,t,2017-10-18 19:52:53,2017-10-18 21:48:36
30054958,33173036,33173036,812847796,812375093,873,t,t,2017-10-19 11:36:02,2017-10-20 14:04:35
30055858,33173036,33173036,812861799,812859702,875,t,t,2017-10-19 11:56:59,2017-10-20 13:25:08
30065302,33173036,33173036,813023668,812859702,876,t,t,2017-10-19 15:16:44,2017-10-20 13:54:11
30099219,33173036,33173036,813661236,812859702,880,t,t,2017-10-20 08:39:49,2017-10-20 13:25:45
30099516,33173036,33173036,813445548,812859702,881,t,t,2017-10-20 08:47:48,2017-10-20 13:26:20
30111234,33173036,33173036,813904454,813897836,882,t,t,2017-10-20 14:13:45,2017-10-25 15:51:47
30146226,33173036,33173036,814607923,813897836,884,t,t,2017-10-21 12:33:14,2017-10-21 20:13:13
30146365,33173036,33173036,814610757,813897836,885,t,t,2017-10-21 12:40:15,2017-10-24 11:28:36
30151221,33173036,33173036,814712964,813897836,886,t,t,2017-10-21 16:15:31,2017-10-25 15:50:55
30155020,77341179,33173036,814796746,813897836,887,f,t,2017-10-21 18:33:02,2017-10-25 15:51:05
30164907,33173036,33173036,815010860,814853334,889,t,t,2017-10-22 02:26:06,2017-10-23 11:56:27
30177730,33173036,33173036,815323465,814853334,890,t,t,2017-10-22 14:42:48,2017-10-22 15:00:43
30188204,33173036,33173036,815572087,815334088,891,t,t,2017-10-22 21:33:29,2017-10-23 07:53:52
30203040,33173036,33173036,815894875,815885333,892,t,t,2017-10-23 08:06:16,2017-10-23 11:59:14
30210219,33173036,33173036,816056838,815885333,893,t,t,2017-10-23 11:22:53,2017-10-23 11:50:39
30376606,33173036,33173036,819250746,818417522,895,t,t,2017-10-26 13:04:44,2017-10-26 16:08:42
30382832,33173036,33173036,819364786,818417522,896,t,t,2017-10-26 15:14:38,2017-10-26 16:06:35
30468538,33173036,33173036,821017591,821016926,902,t,t,2017-10-28 12:45:11,2017-10-29 12:20:02
30534789,33173036,33173036,822530046,822380292,906,t,t,2017-10-30 12:39:24,2017-10-30 15:44:05
30598460,33173036,33173036,823664633,822695501,908,t,t,2017-10-31 15:17:24,2017-11-06 12:32:53
30805520,33173036,33173036,827855994,822695501,911,t,t,2017-11-05 11:36:50,2017-11-05 12:42:45
30806505,33173036,33173036,827883340,822695501,912,t,t,2017-11-05 12:34:24,2017-11-05 12:42:56
30808676,33173036,33173036,827940198,827887446,915,t,t,2017-11-05 14:21:20,2017-11-08 12:01:22
30809524,33173036,33173036,827964199,827887446,917,t,t,2017-11-05 15:01:38,2017-11-06 13:54:26
30811118,33173036,33173036,828007923,827887446,919,t,t,2017-11-05 16:10:08,2017-11-05 16:14:31
30818439,33173036,33173036,828195605,828010846,920,t,t,2017-11-05 21:04:58,2017-11-08 12:01:31
30841924,33173036,33173036,828799524,828770408,923,t,t,2017-11-06 13:09:07,2017-11-06 13:19:58
30873169,33173036,33173036,829416140,828839177,924,t,f,2017-11-07 00:54:43,2017-11-08 17:01:38
30893195,33173036,33173036,829916785,828839177,925,t,t,2017-11-07 12:34:30,2017-11-08 12:08:28
30895945,33173036,33173036,829969958,828839177,926,t,t,2017-11-07 13:42:32,2017-11-07 14:41:55
30912880,33173036,33173036,830316742,830025767,929,t,t,2017-11-07 19:44:29,2017-11-09 23:19:01
30994426,33173036,33173036,831955872,831252182,932,t,t,2017-11-09 09:40:30,2017-11-09 10:36:28
31001105,33173036,33173036,832084767,831997173,937,t,t,2017-11-09 12:39:31,2017-11-30 13:06:50
31013852,33173036,33173036,832316050,831997173,939,t,t,2017-11-09 17:04:50,2017-11-09 23:19:17
31031223,33173036,33173036,832619196,832613903,941,t,f,2017-11-09 23:40:08,
31039760,49900822,33173036,832824623,832613903,942,f,t,2017-11-10 05:38:10,2018-04-12 09:01:27
31106085,33173036,33173036,834294310,832613903,946,t,t,2017-11-11 23:49:25,2017-11-12 11:34:02
31116635,80111404,33173036,834586394,834368739,948,f,t,2017-11-12 11:09:42,2017-11-15 22:12:11
31124621,80121090,33173036,834810440,834598254,949,f,t,2017-11-12 18:00:47,2017-11-30 23:33:45
31132706,33173036,33173036,835044222,834598254,950,t,f,2017-11-12 23:42:38,2017-11-27 12:11:26
31259264,33173036,33173036,837842361,836794687,953,t,t,2017-11-15 15:19:06,2017-11-15 15:47:27
31288672,33173036,33173036,838422812,838266646,955,t,t,2017-11-16 04:36:20,2017-11-16 17:50:10
31362982,80111404,33173036,839957300,839295032,957,f,f,2017-11-17 16:52:21,2017-11-22 15:07:04
31385060,80111404,33173036,840481371,839295032,958,f,t,2017-11-18 09:11:57,2017-11-20 12:40:52
31492697,33173036,33173036,843205009,842189608,962,t,t,2017-11-21 10:59:15,2017-11-22 01:48:51
31676995,33173036,33173036,847489504,843894574,966,t,t,2017-11-26 11:42:22,2017-12-07 14:47:08
31742432,33173036,33173036,848974419,848603534,967,t,t,2017-11-27 23:52:57,2017-11-28 11:53:19
31766037,33173036,33173036,849518276,849439606,968,t,f,2017-11-28 13:40:34,2018-02-21 15:22:23
31831621,81587633,33173036,850844458,850489931,971,f,t,2017-11-29 18:23:24,2017-12-07 12:38:04
31852784,81587633,33173036,851310780,850489931,973,f,t,2017-11-30 05:09:01,2017-12-12 13:28:53
31918180,33173036,33173036,852572928,852152352,975,t,t,2017-12-01 10:46:42,2017-12-01 12:32:39
31930076,33173036,33173036,852801551,852643323,976,t,t,2017-12-01 15:51:43,2017-12-07 12:52:53
31972628,33173036,33173036,853705246,852643323,978,t,t,2017-12-02 19:54:47,2017-12-02 20:36:12
31978786,33173036,33173036,853856909,853729085,979,t,f,2017-12-03 00:24:20,2017-12-07 12:55:59
31987450,82074010,33173036,854108057,853729085,981,f,f,2017-12-03 10:27:35,2017-12-04 14:49:38
32032079,33173036,33173036,855203468,853729085,985,t,t,2017-12-04 14:36:22,2017-12-04 15:15:13
32287133,33173036,33173036,860697261,859518615,988,t,t,2017-12-10 09:48:44,2017-12-11 15:32:13
32288714,33173036,33173036,860751684,859518615,989,t,f,2017-12-10 11:53:02,2018-05-10 20:26:04
32332350,33173036,33173036,861793526,859518615,992,t,f,2017-12-11 15:09:43,2017-12-11 15:49:19
32378512,33173036,33173036,862705701,861814963,994,t,t,2017-12-12 11:51:29,2017-12-12 12:22:48
32433102,33173036,33173036,863898370,862784375,996,t,t,2017-12-13 14:47:30,2017-12-13 14:55:03
32471033,33173036,33173036,864610931,863928812,1000,t,t,2017-12-14 07:48:51,2017-12-14 12:56:09
32487873,75450405,33173036,864946352,864828111,1002,f,t,2017-12-14 15:21:40,2017-12-14 17:26:54
32487950,75450405,33173036,864947758,864828111,1003,f,t,2017-12-14 15:23:22,2017-12-14 17:27:27
32487984,75450405,33173036,864948357,864828111,1004,f,t,2017-12-14 15:24:11,2017-12-14 17:27:41
32585444,83120663,33173036,867156699,865735563,1009,f,f,2017-12-17 13:47:09,2017-12-29 01:20:04
32585766,75375513,33173036,867168555,865735563,1010,f,f,2017-12-17 14:06:53,2017-12-29 01:21:06
33033476,33173036,33173036,877918579,877345279,1019,t,t,2018-01-02 09:52:40,2018-01-02 11:59:44
33598755,85717194,33173036,889403887,880247141,1023,f,t,2018-01-16 01:55:12,2018-01-19 08:20:55
33616986,33173036,33173036,889809982,880247141,1024,t,t,2018-01-16 12:59:57,2018-01-20 17:04:09
33699010,85216011,33173036,891411509,890871096,1025,f,t,2018-01-18 01:12:58,2018-04-21 12:19:46
33851005,86275742,33173036,894403841,893786691,1030,f,t,2018-01-21 14:44:23,2018-01-23 15:38:39
33881821,33173036,33173036,895122464,893786691,1031,t,t,2018-01-22 10:34:12,2018-01-22 15:26:44
33898307,33173036,33173036,895470987,895367834,1032,t,t,2018-01-22 17:17:27,2018-01-23 16:13:37
33935063,33173036,33173036,896208203,895367834,1033,t,t,2018-01-23 10:51:00,2018-01-23 16:47:20
33941124,33173036,33173036,896335394,895367834,1034,t,t,2018-01-23 13:47:18,2018-01-24 20:56:06
34001706,33173036,33173036,897523132,896503418,1036,t,t,2018-01-24 16:27:47,2018-02-01 15:26:02
34033997,86238042,33173036,898150318,897893362,1037,f,t,2018-01-25 08:04:13,2018-02-01 15:24:34
34091678,33173036,33173036,899282309,897893362,1039,t,t,2018-01-26 11:06:34,2018-01-26 14:25:25
34143915,86238042,33173036,900273788,899413052,1040,f,f,2018-01-27 16:26:09,2018-01-29 20:18:21
34229820,33173036,33173036,901687624,899413052,1041,t,t,2018-01-29 21:05:24,2018-02-01 14:22:29
34264843,33173036,33173036,902975364,899413052,1044,t,t,2018-01-30 15:03:03,2018-02-01 12:08:13
34626585,33173036,33173036,907420992,907420979,1050,t,t,2018-02-07 16:58:53,2018-02-08 10:54:42
34722834,33173036,33173036,909497258,909497254,1052,t,t,2018-02-09 12:35:30,2018-02-10 00:14:52
34825238,33173036,33173036,915257686,913740513,1055,t,t,2018-02-12 08:39:17,2018-02-12 11:14:10
34832053,33173036,33173036,915388784,915371933,1056,t,t,2018-02-12 11:40:42,2018-02-12 12:31:49
34889339,33173036,33173036,916481827,916445722,1058,t,t,2018-02-13 13:58:42,2018-02-13 14:11:26
34950492,33173036,33173036,917550284,916492160,1059,t,t,2018-02-14 15:53:25,2018-03-15 19:03:41
34989889,33173036,33173036,918242417,916492160,1061,t,t,2018-02-15 11:21:03,2018-02-15 12:10:12
34994554,33173036,33173036,918328695,918272663,1062,t,t,2018-02-15 13:34:58,2018-02-15 15:44:14
35049089,33173036,33173036,919242907,918431730,1064,t,t,2018-02-16 14:00:34,2018-02-19 12:38:24
35050361,33173036,33173036,919266629,918431730,1065,t,f,2018-02-16 14:31:56,2018-02-21 01:31:04
35093862,33173036,33173036,920075199,918431730,1066,t,f,2018-02-17 16:33:15,2018-11-17 13:44:19
35309636,89397618,33173036,924171059,923015346,1068,f,t,2018-02-22 06:55:04,2018-02-22 12:11:16
35402575,89557422,33173036,925872300,925063357,1069,f,f,2018-02-23 23:29:20,2018-02-25 07:00:06
35547191,33173036,33173036,928970841,926979561,1077,t,t,2018-02-27 11:24:20,2018-02-27 11:40:07
35555651,33173036,33173036,929135017,928980931,1078,t,t,2018-02-27 14:49:05,2018-02-27 15:19:21
35556557,33173036,33173036,929140411,928980931,1079,t,t,2018-02-27 15:04:52,2018-03-05 12:47:02
35559127,33173036,33173036,929198285,929163134,1080,t,t,2018-02-27 15:56:55,2018-03-14 11:27:31
35606599,33173036,33173036,930094859,929163134,1083,t,t,2018-02-28 12:08:53,2018-03-01 10:53:13
35614210,86275742,33173036,930242551,929163134,1084,f,t,2018-02-28 15:07:09,2018-02-28 15:21:21
35680333,33173036,33173036,931459285,931133543,1085,t,f,2018-03-01 17:31:39,2018-03-09 00:56:54
35692686,54403004,33173036,931675084,931133543,1086,f,f,2018-03-01 21:32:15,2018-03-02 01:42:22
35798259,90434184,33173036,933786539,933781130,1087,f,t,2018-03-04 09:45:24,2018-03-08 03:51:03
35849933,33173036,33173036,934782271,933781130,1089,t,t,2018-03-05 11:48:05,2018-03-05 12:47:49
36094767,33173036,33173036,939229190,937897949,1091,t,t,2018-03-09 09:26:40,2018-03-09 12:39:14
36168738,91180435,33173036,940931182,939374540,1094,f,f,2018-03-11 09:10:58,2018-03-12 14:05:33
36273157,33173036,33173036,943210434,939374540,1097,t,t,2018-03-13 12:26:43,2018-03-14 23:32:36
36327611,33173036,33173036,944343926,943535054,1098,t,t,2018-03-14 10:50:30,2018-03-15 14:48:11
36468022,33173036,33173036,946926107,946813655,1101,t,t,2018-03-16 18:15:36,2018-03-17 08:24:51
36474856,91310669,33173036,947155221,946208031,1102,f,t,2018-03-16 20:21:47,2018-03-17 00:30:06
36489204,33173036,33173036,947383476,946813655,1103,t,t,2018-03-17 03:04:49,2018-03-17 09:41:28
36528717,91921754,33173036,948403647,947544924,1104,f,f,2018-03-18 14:41:51,
36541674,33173036,33173036,948873414,947544924,1105,t,t,2018-03-18 23:12:59,2018-04-25 09:40:38
36680221,91967976,33173036,951803590,950201378,1106,f,f,2018-03-21 12:35:45,2018-03-22 15:15:25
36680777,91967976,33173036,951814813,950201378,1107,f,t,2018-03-21 12:48:45,2019-03-23 13:58:44
36754278,33173036,33173036,953131847,950201378,1109,t,t,2018-03-22 15:13:25,2018-03-22 15:59:17
36850721,33173036,33173036,955023762,954146293,1110,t,t,2018-03-24 12:27:24,2018-03-27 15:22:25
36876881,33173036,33173036,955705975,954146293,1113,t,t,2018-03-25 10:00:26,2018-03-27 14:43:33
37119131,33173036,33173036,960728981,958806326,1115,t,t,2018-03-30 00:38:21,2018-03-30 11:28:15
37119417,33173036,33173036,960729006,958806326,1116,t,t,2018-03-30 00:51:53,2018-03-30 11:28:25
37140450,33173036,33173036,961183519,961197501,1117,t,t,2018-03-30 13:20:45,2018-04-12 17:42:30
37173662,33173036,33173036,961902061,961284062,1119,t,t,2018-03-31 09:34:31,2018-04-05 11:20:32
37185347,33173036,33173036,962226661,961284062,1120,t,t,2018-03-31 18:49:11,2018-04-03 17:12:26
37203605,80111404,33173036,962677725,961284062,1122,f,t,2018-04-01 11:14:50,2018-04-07 15:32:40
37458128,33173036,33173036,968049477,967042984,1129,t,t,2018-04-06 09:12:57,2018-04-06 12:32:22
37466252,94008087,33173036,968215489,968197925,1130,f,t,2018-04-06 12:57:50,2018-05-01 13:54:11
37503746,33173036,33173036,969092180,968197925,1132,t,t,2018-04-07 11:47:50,2018-04-07 14:55:58
37569669,94008087,33173036,970811843,969237363,1134,f,t,2018-04-09 10:25:18,2018-04-12 09:05:18
37583206,33173036,33173036,971142382,969237363,1135,t,t,2018-04-09 15:47:09,2018-05-15 16:41:37
37696446,33173036,33173036,973433002,969237363,1137,t,t,2018-04-10 12:43:19,2018-04-11 14:01:59
37689759,86275742,33173036,973456111,969237363,1138,f,t,2018-04-11 11:41:54,2018-04-11 14:06:23
37696346,33173036,33173036,973591376,969237363,1139,t,t,2018-04-11 14:00:08,2018-05-29 13:29:03
37745527,33173036,33173036,974644779,974594546,1141,t,t,2018-04-12 09:59:45,2018-04-16 15:55:25
37896656,33173036,33173036,978119784,977059485,1142,t,t,2018-04-15 21:12:46,2018-04-21 12:40:11
37896951,33173036,33173036,978126669,978126663,1143,t,t,2018-04-15 21:22:22,2018-05-02 12:44:34
38225000,33173036,33173036,985368870,985063569,1156,t,t,2018-04-21 20:03:14,2018-04-24 23:33:30
38232845,95683254,33173036,985605543,985063569,1157,f,t,2018-04-22 02:50:05,2018-04-23 23:11:50
38236445,95646836,33173036,985723728,985063569,1158,f,t,2018-04-22 06:57:32,2018-04-23 23:04:28
38249263,95646836,33173036,986156565,985063569,1159,f,t,2018-04-22 17:30:09,2018-04-23 23:09:56
38286451,33173036,33173036,987114342,986903714,1161,t,t,2018-04-23 13:26:15,2018-04-23 23:03:22
38322538,77341179,33173036,987947141,987768389,1163,f,t,2018-04-24 02:19:22,2018-04-25 10:34:05
38338226,33173036,33173036,988336603,987768389,1164,t,t,2018-04-24 10:07:25,2018-04-27 15:28:44
38411133,33173036,33173036,990005862,989937134,1167,t,t,2018-04-25 15:14:14,2018-05-01 15:53:51
38513518,33173036,33173036,992307347,989937134,1169,t,t,2018-04-27 11:26:13,2018-04-27 14:22:34
38523987,33173036,33173036,992525335,992466133,1170,t,t,2018-04-27 15:26:15,2018-04-28 10:30:56
38545665,33173036,33173036,993057664,992535237,1171,t,t,2018-04-28 03:50:23,2018-05-03 12:15:04
38550580,33173036,33173036,993214460,992535237,1172,t,f,2018-04-28 08:44:29,2018-04-28 08:46:14
38550724,33173036,33173036,993218266,988474681,1173,t,t,2018-04-28 08:50:44,2018-04-28 09:46:19
38553255,95646836,33173036,993283447,993278918,1174,f,t,2018-04-28 10:41:03,2018-05-18 13:19:20
38555082,33173036,33173036,993344611,993254239,1175,t,f,2018-04-28 12:22:44,2018-04-28 12:27:14
38573445,95683254,33173036,993897977,993347629,1176,f,t,2018-04-29 03:43:07,2018-05-15 16:43:37
38670884,33173036,33173036,995970246,995598820,1183,t,f,2018-05-01 09:35:22,2018-05-01 10:42:38
38711679,96334834,33173036,992848819,996262666,1184,f,t,2018-05-02 00:47:34,2018-08-08 09:36:31
38846614,33173036,33173036,999347776,998348281,1187,t,t,2018-05-04 11:01:02,2018-12-12 15:23:02
38964265,33173036,33173036,1001880081,998348281,1190,t,t,2018-05-07 12:07:25,2018-05-07 12:17:15
39008241,63201446,33173036,1002822096,1002540911,1191,f,t,2018-05-08 06:05:34,2018-05-09 03:28:57
39030770,97330555,33173036,1003275054,1001917596,1193,f,f,2018-05-08 15:30:52,2019-05-06 23:18:40
39064271,63201446,33173036,1003971570,1003971583,1194,f,t,2018-05-09 05:52:35,2018-05-09 11:18:25
39136199,63201446,33173036,1005423523,1005162290,1196,f,t,2018-05-10 13:17:15,2018-05-11 12:18:31
39192593,63201446,33173036,1006522236,1006468386,1199,f,t,2018-05-11 13:30:42,2018-05-11 14:35:36
39196013,63201446,33173036,1006594448,1006582606,1200,f,t,2018-05-11 14:46:13,2018-05-11 15:19:04
39216682,33173036,33173036,1006942019,1006942013,1201,t,f,2018-05-11 21:44:17,2018-08-08 09:39:41
39229233,33173036,33173036,1007254353,1007254317,1202,t,t,2018-05-12 08:48:51,2018-05-12 10:12:43
39233782,33173036,33173036,1007429501,1007312145,1204,t,t,2018-05-12 13:01:14,2018-05-12 13:04:41
39252394,63201446,33173036,1007944478,1007395003,1205,f,t,2018-05-13 03:25:23,2018-05-13 08:00:40
39264254,33173036,33173036,1008283730,1008278746,1206,t,f,2018-05-13 14:13:44,2018-05-17 08:55:52
39363106,33173036,33173036,1009443719,1008278746,1209,t,f,2018-05-15 12:07:53,
39476900,33173036,33173036,1013021723,1012941495,1210,t,t,2018-05-17 10:23:32,2018-05-17 11:09:42
39486442,33173036,33173036,1013171056,1013058728,1212,t,t,2018-05-17 13:32:42,2018-05-24 10:51:29
39507832,77341179,33173036,1013593049,1013058728,1215,f,f,2018-05-17 20:14:40,2018-05-17 22:58:21
39659506,33173036,33173036,1016908248,1015470940,1218,t,f,2018-05-21 14:47:21,2018-05-23 12:09:29
39670691,33173036,33173036,1017125458,1016908248,1219,t,f,2018-05-21 18:26:11,2018-05-23 12:09:37
39767594,79768333,33173036,1018975506,1017870240,1220,f,t,2018-05-23 11:37:37,2018-05-24 09:11:40
39807890,33173036,33173036,1019778293,1019205756,1221,t,f,2018-05-24 02:00:05,2018-05-24 02:02:46
39901284,33173036,33173036,1021451470,1020165438,1226,t,f,2018-05-25 14:33:06,2018-08-18 04:00:14
39935719,63201446,33173036,1022136332,1020230127,1227,f,t,2018-05-26 10:15:03,2018-05-27 08:55:09
39961763,33173036,33173036,1022893617,1020165438,1229,t,f,2018-05-27 10:59:28,
39964033,63201446,33173036,1022964781,1022136332,1230,f,t,2018-05-27 13:10:27,2018-05-28 12:22:47
39999771,33173036,33173036,1023710485,1020165438,1231,t,f,2018-05-28 09:09:43,2018-05-31 07:48:55
40007513,33173036,33173036,1023877080,1020165438,1232,t,t,2018-05-28 12:22:18,2018-05-28 12:42:32
40009471,90434184,33173036,1023920789,1023897532,1233,f,t,2018-05-28 13:06:54,2018-06-19 14:15:16
40059353,33173036,33173036,1024975348,1024807519,1234,t,t,2018-05-29 12:00:55,2018-05-29 12:05:11
40117221,33173036,33173036,1026154751,1025317467,1237,t,t,2018-05-30 12:20:29,2018-05-30 12:44:16
40164403,33173036,33173036,1027099399,1026554719,1239,t,t,2018-05-31 08:49:13,2018-05-31 10:42:04
40177119,63201446,33173036,1027350926,1025049430,1240,f,t,2018-05-31 13:56:45,2018-05-31 14:21:41
40199763,99719009,33173036,1027794117,1027193005,1241,f,t,2018-05-31 22:08:19,2018-10-08 16:20:18
40220464,33173036,33173036,1028205983,1027193005,1242,t,t,2018-06-01 08:51:27,2018-06-01 10:07:36
40222140,33173036,33173036,1028231526,1027193005,1244,t,f,2018-06-01 09:25:19,2019-01-04 01:52:56
40225779,33173036,33173036,1027279740,1028271940,1245,t,f,2018-06-01 10:52:16,2018-11-17 13:46:05
40274154,63201446,33173036,1029013140,1028846084,1246,f,t,2018-06-02 03:33:40,2018-06-03 09:38:40
40352906,77341179,33173036,1030585817,1028271940,1247,f,f,2018-06-04 04:47:51,2018-06-04 07:39:15
40513109,57281463,33173036,1033586582,1033588026,1249,f,f,2018-06-06 16:56:10,2018-06-06 20:26:42
40691784,33173036,33173036,1037149228,1033588026,1254,t,t,2018-06-10 14:29:48,2018-06-11 10:05:00
40879029,100855838,33173036,1040736387,1039759483,1256,f,t,2018-06-13 19:46:17,2018-06-17 09:06:59
41023474,100855838,33173036,1043457671,1041802151,1259,f,f,2018-06-16 18:19:28,2018-06-17 22:00:13
41054098,100855838,33173036,1044243575,1043842728,1260,f,t,2018-06-17 22:10:13,2018-06-23 10:36:12
41080233,33173036,33173036,1044801304,1044690664,1263,t,t,2018-06-18 13:21:02,2018-06-22 11:08:42
41172411,100855838,33173036,1046585085,1046039167,1264,f,f,2018-06-20 00:44:27,2019-05-06 22:50:10
41222534,100855838,33173036,1047182286,1047044807,1267,f,f,2018-06-20 21:15:40,2018-06-20 21:27:50
41223752,100855838,33173036,1047188458,1047044807,1268,f,t,2018-06-20 21:36:14,2018-06-23 10:47:50
41329892,101838180,33173036,1049571905,1049456584,1272,f,t,2018-06-22 17:59:31,2018-06-23 15:19:18
41415815,101838180,33173036,1051064604,1050214788,1274,f,t,2018-06-24 21:22:12,2018-06-29 10:30:08
41581484,100855838,33173036,1053960615,1053952814,1281,f,t,2018-06-27 11:33:31,2018-07-19 10:54:45
41960058,77341179,33173036,1061469143,1061096181,1285,f,t,2018-07-05 03:51:24,2018-07-05 10:29:28
42280260,43427152,33173036,1067878699,1067628837,1289,f,f,2018-07-11 16:46:04,2019-05-06 22:19:54
42560753,33173036,33173036,1073254510,1072744419,1293,t,t,2018-07-17 13:45:54,2018-07-21 12:23:52
42622509,33173036,33173036,1074346642,1074241592,1296,t,t,2018-07-18 14:00:58,2018-07-18 14:25:51
43141688,103676068,33173036,1083881763,1083319778,1307,f,t,2018-07-28 09:54:38,2018-10-04 09:22:55
43163550,105255155,33173036,1084343007,1084260411,1308,f,f,2018-07-29 02:40:30,2018-08-07 12:28:01
43760786,106336601,33173036,1095603162,1094774248,1310,f,t,2018-08-09 03:02:51,2018-09-04 09:48:34
44056354,95646836,33173036,1101413747,1098338134,1313,f,t,2018-08-14 21:10:41,2018-08-14 21:27:37
44245210,33173036,33173036,1104923894,1104256880,1317,t,t,2018-08-18 07:03:40,2018-08-19 12:32:37
44265582,77341179,33173036,1105378870,1105029518,1319,f,t,2018-08-18 22:31:01,2018-10-04 14:57:29
44365708,107450114,33173036,1107557727,1106612941,1321,f,t,2018-08-21 05:47:42,2018-08-21 11:17:57
44666679,33173036,33173036,1113432151,1113349699,1323,t,t,2018-08-27 00:01:54,2018-10-03 09:42:41
45116450,108762993,33173036,1121560083,1121431288,1331,f,t,2018-09-03 18:07:52,2018-09-04 01:18:11
45687820,108762993,33173036,1132388581,1131102727,1338,f,t,2018-09-13 13:09:26,2018-09-13 13:33:53
46221994,110865797,33173036,1142580113,1141062979,1346,f,t,2018-09-23 07:54:41,2018-10-08 12:30:23
46813782,33173036,33173036,1153364811,1152920359,1351,t,t,2018-10-02 17:27:57,2018-10-03 09:42:09
47405218,77341179,33173036,1163289543,1162926190,1355,f,t,2018-10-11 07:21:24,2018-10-11 15:38:51
47445476,77341179,33173036,1163951929,1163788871,1356,f,f,2018-10-11 18:22:33,2018-10-11 23:35:31
47465655,77341179,33173036,1164225243,1164199453,1358,f,t,2018-10-11 23:55:01,2018-10-13 23:12:35
47692585,77341179,33173036,1168149900,1167987522,1363,f,t,2018-10-15 20:27:51,2018-10-15 20:44:52
47832472,33173036,33173036,1170562514,1169689083,1365,t,t,2018-10-17 16:35:14,2018-10-18 09:14:23
48453950,114646034,33173036,1181110798,1180997612,1370,f,t,2018-10-26 17:40:45,2018-10-27 11:03:53
48524739,105255155,33173036,1182226374,1181802973,1372,f,t,2018-10-27 22:39:27,2018-10-28 17:08:25
48658627,77341179,33173036,1184014986,1182871552,1376,f,f,2018-10-29 20:30:54,
48676587,77341179,33173036,1184359081,1182871552,1377,f,t,2018-10-30 00:51:42,2018-10-30 15:45:23
48735792,77341179,33173036,1185371469,1185371466,1378,f,t,2018-10-30 16:37:10,2018-10-30 19:26:14
48750861,77341179,33173036,1185518110,1185518107,1379,f,t,2018-10-30 19:50:57,2018-10-30 20:09:06
48769906,77341179,33173036,1185915854,1185765208,1381,f,t,2018-10-31 01:05:19,2018-11-04 00:57:09
48851672,77341179,33173036,1187147791,1186812314,1382,f,t,2018-10-31 22:42:48,2018-10-31 22:53:17
48941492,77341179,33173036,1188446866,1187155478,1384,f,t,2018-11-02 00:42:30,2018-11-04 01:11:53
48992733,77341179,33173036,1189294981,1187155478,1385,f,t,2018-11-02 18:16:33,2018-11-04 01:16:00
49069739,77341179,33173036,1190930702,1190415975,1387,f,f,2018-11-04 16:52:48,2019-01-12 18:17:29
49124539,105255155,33173036,1191921697,1191773767,1389,f,f,2018-11-05 14:17:22,2018-11-05 14:25:28
49136680,105255155,33173036,1192113521,1191773767,1390,f,f,2018-11-05 17:35:13,2018-11-10 15:22:43
49167670,77341179,33173036,1192683725,1192528907,1392,f,t,2018-11-06 02:18:57,2018-11-07 00:04:16
49208160,57098034,33173036,1193436175,1193151365,1393,f,t,2018-11-06 15:40:20,2018-11-08 10:16:29
49232139,57098034,33173036,1193803500,1193151365,1394,f,t,2018-11-06 21:53:16,2018-11-06 23:14:24
49234865,57098034,33173036,1193851848,1193151365,1395,f,t,2018-11-06 22:32:41,2018-11-06 23:12:03
49343248,57098034,33173036,1195844791,1195833504,1396,f,t,2018-11-08 10:29:04,2018-11-10 13:30:10
49412815,57098034,33173036,1197132770,1196662371,1397,f,t,2018-11-09 10:37:45,2018-11-09 12:55:48
49418579,57098034,33173036,1197224649,1196662371,1398,f,t,2018-11-09 12:29:30,2018-11-09 12:50:45
49418763,57098034,33173036,1197228870,1196662371,1399,f,t,2018-11-09 12:34:04,2018-11-09 12:51:17
49422128,33173036,33173036,1197289173,1197246742,1400,t,t,2018-11-09 13:42:21,2018-11-14 15:20:11
49424723,57098034,33173036,1197322539,1197246742,1401,f,t,2018-11-09 14:32:46,2018-11-09 14:35:27
49442741,57098034,33173036,1197596791,1197357997,1402,f,t,2018-11-09 19:11:30,2018-11-10 15:46:24
49477847,57098034,33173036,1198347818,1198306410,1403,f,t,2018-11-10 14:32:21,2018-11-10 15:49:06
49491221,57098034,33173036,1198594611,1198400355,1405,f,f,2018-11-10 19:59:54,2018-11-15 16:28:15
49491257,57098034,33173036,1198595628,1198400355,1406,f,t,2018-11-10 20:00:57,2018-11-12 11:27:38
49492826,77341179,33173036,1198631093,1198400355,1407,f,t,2018-11-10 20:50:06,2018-12-07 01:27:56
49493751,57098034,33173036,1198650904,1198400355,1408,f,t,2018-11-10 21:17:44,2018-11-12 11:13:50
49574220,33173036,33173036,1200264536,1200223608,1409,t,t,2018-11-12 12:07:49,2018-11-12 13:11:51
49593400,57098034,33173036,1200534197,1200474713,1410,f,t,2018-11-12 17:03:34,2018-11-13 11:51:49
49611256,57098034,33173036,1200848598,1200474713,1411,f,t,2018-11-12 21:54:32,2018-11-13 13:04:43
49623808,33173036,33173036,1201121172,1200474713,1412,t,t,2018-11-13 01:31:31,2018-11-13 11:47:04
49624684,33173036,33173036,1201140754,1200474713,1413,t,t,2018-11-13 02:31:33,2018-11-14 16:50:48
49644984,57098034,33173036,1201490966,1200474713,1414,f,t,2018-11-13 09:30:27,2018-11-13 13:18:50
49783940,57098034,33173036,1203731355,1203324351,1415,f,t,2018-11-13 16:08:36,2018-11-15 16:17:47
49720412,33173036,33173036,1202662363,1201723042,1416,t,f,2018-11-14 06:45:02,2018-11-14 06:46:54
49736992,33173036,33173036,1202965839,1202956887,1418,t,t,2018-11-14 12:17:03,2018-11-14 15:44:30
49804307,33173036,33173036,1204058172,1203324351,1419,t,t,2018-11-15 08:23:14,2018-12-12 11:24:54
49823801,33173036,33173036,1204388343,1203324351,1420,t,t,2018-11-15 14:14:02,2018-11-16 11:30:07
49872322,57098034,33173036,1205202776,1204634900,1421,f,f,2018-11-16 06:00:01,2018-11-16 06:47:27
49874516,57098034,33173036,1205202776,1204634900,1422,f,f,2018-11-16 06:47:06,2018-11-16 06:49:38
49875309,33173036,33173036,1205202776,1204634900,1423,t,t,2018-11-16 07:08:45,2018-11-16 10:23:58
49881229,33173036,33173036,1205358223,1204634900,1424,t,t,2018-11-16 09:14:42,2018-11-16 11:15:36
49954348,33173036,33173036,1206604678,1205803474,1426,t,t,2018-11-17 14:18:24,2018-11-17 17:54:24
49980602,33173036,33173036,1207182108,1206750131,1428,t,t,2018-11-18 06:54:17,2018-11-18 15:26:08
50001784,33173036,33173036,1207707453,1207609106,1429,t,t,2018-11-18 19:53:28,2018-11-20 10:23:35
50020949,33173036,33173036,1208096659,1207609106,1430,t,f,2018-11-19 05:13:38,2018-11-19 05:23:07
50026922,33173036,33173036,1208199477,1207609106,1431,t,t,2018-11-19 07:15:40,2018-11-19 14:37:05
50044188,33173036,33173036,1208510644,1207609106,1432,t,t,2018-11-19 12:19:31,2018-11-20 11:06:01
50052072,33173036,33173036,1208594377,1207609106,1434,t,t,2018-11-19 14:28:30,2018-11-20 10:21:06
50064358,33173036,33173036,1208716123,1208716122,1436,t,t,2018-11-19 17:41:17,2018-11-19 22:50:29
50073220,57281463,33173036,1208826750,1208716122,1437,f,f,2018-11-19 20:12:58,2018-12-04 08:06:08
50104810,33173036,33173036,1209652689,1208716123,1441,t,t,2018-11-20 07:53:57,2018-11-20 09:47:53
50125618,33173036,33173036,1210035536,1209834048,1442,t,f,2018-11-20 14:23:54,
50137471,33173036,33173036,1210211853,1210100121,1443,t,t,2018-11-20 17:20:46,2018-11-20 19:41:07
50157171,33173036,33173036,1210563579,1210392395,1444,t,f,2018-11-20 22:43:38,
50183054,33173036,33173036,1210998665,1210392395,1445,t,t,2018-11-21 08:22:48,2018-11-21 11:19:32
50193620,33173036,33173036,1211180117,1211168188,1446,t,t,2018-11-21 11:33:53,2018-11-29 13:17:03
50258527,33173036,33173036,1212275132,1211168188,1449,t,t,2018-11-22 09:21:49,2018-11-22 14:43:14
50277396,33173036,33173036,1212589530,1212587825,1450,t,t,2018-11-22 14:44:54,2018-11-26 10:35:49
50339826,101838180,33173036,1213774125,1213521405,1451,f,t,2018-11-23 17:52:24,2018-11-29 13:04:09
50367543,117840920,33173036,1214413963,1213521405,1452,f,t,2018-11-24 13:58:49,2018-11-24 15:18:16
50415083,33173036,33173036,1215090634,1215090625,1453,t,t,2018-11-25 20:29:04,2018-11-25 21:23:04
50415383,33173036,33173036,1215091694,1215090625,1454,t,t,2018-11-25 20:33:59,2018-11-25 21:03:53
50504858,77341179,33173036,1216164399,1216164393,1456,f,t,2018-11-27 03:11:22,2018-11-27 11:41:04
50551786,33173036,33173036,1216825515,1216825513,1457,t,t,2018-11-27 16:41:13,2018-11-29 13:15:24
50618064,33173036,33173036,1218166915,1216825513,1458,t,t,2018-11-28 12:09:33,2018-11-28 12:41:31
50624949,33173036,33173036,1218271071,1218271067,1459,t,t,2018-11-28 14:04:19,2018-11-29 13:17:20
50652481,33173036,33173036,1218655636,1218271067,1461,t,t,2018-11-28 20:52:11,2018-11-29 13:04:46
50689849,33173036,33173036,1219662650,1218271067,1463,t,t,2018-11-29 09:32:33,2018-11-29 13:18:34
50705218,33173036,33173036,1219944229,1219944225,1464,t,f,2018-11-29 13:48:57,2018-11-29 16:50:33
50709773,33173036,33173036,1219996252,1219944225,1467,t,t,2018-11-29 14:54:31,2018-11-29 16:55:39
50788609,33173036,33173036,1221737493,1221737488,1468,t,t,2018-11-30 13:08:38,2018-12-04 14:17:14
50950689,33173036,33173036,1225002560,1223744344,1472,t,t,2018-12-03 14:18:39,2018-12-04 13:53:14
50963206,118846109,33173036,1225165453,1223744344,1473,f,t,2018-12-03 17:36:09,2018-12-05 15:27:47
51102367,71146455,33173036,1227638163,1226566964,1475,f,f,2018-12-05 09:04:00,2018-12-05 11:11:25
51109742,71146455,33173036,1227767817,1226566964,1476,f,f,2018-12-05 11:18:36,2019-05-06 21:59:57
51185357,33173036,33173036,1229042111,1228034943,1478,t,t,2018-12-06 10:00:26,2018-12-06 11:57:26
51261991,33173036,33173036,1230318100,1229928575,1480,t,t,2018-12-07 09:59:52,2018-12-07 11:03:55
51291968,71146455,33173036,1230782787,1230377938,1481,f,t,2018-12-07 18:02:52,2018-12-08 11:56:56
51299299,33173036,33173036,1230900935,1230377938,1482,t,t,2018-12-07 20:15:45,2018-12-08 12:13:24
51299463,33173036,33173036,1230902545,1230377938,1483,t,t,2018-12-07 20:17:30,2018-12-08 12:24:01
51333992,33173036,33173036,1231498962,1231452249,1484,t,t,2018-12-08 13:41:45,2018-12-08 14:33:51
51388097,33173036,33173036,1232095181,1232095162,1487,t,t,2018-12-10 12:04:08,2018-12-12 12:54:28
51491875,77341179,33173036,1232775813,1232424276,1489,f,t,2018-12-11 00:32:37,2018-12-30 10:01:15
51544295,33173036,33173036,1233130653,1232989305,1490,t,f,2018-12-11 18:07:59,2018-12-11 20:07:27
51523127,33173036,33173036,1232888048,1232989305,1491,t,t,2018-12-11 20:02:54,2018-12-12 11:53:17
51555558,33173036,33173036,1233201840,1232989305,1492,t,t,2018-12-11 20:11:25,2018-12-12 12:25:55
51694302,33173036,33173036,1235040001,1235039995,1496,t,t,2018-12-13 15:08:43,2018-12-14 13:44:43
51765777,33173036,33173036,1236123473,1236123468,1498,t,f,2018-12-14 13:36:55,2018-12-17 14:44:02
51839755,33173036,33173036,1239827178,1239683950,1499,t,t,2018-12-16 01:06:25,2018-12-17 09:34:30
51917431,33173036,33173036,1242215705,1242075610,1501,t,t,2018-12-17 14:29:57,2018-12-17 14:45:46
52130550,33173036,33173036,1245613225,1242778211,1502,t,t,2018-12-20 07:24:07,2018-12-20 12:56:09
52131772,33173036,33173036,1245635809,1242778211,1503,t,t,2018-12-20 07:51:57,2018-12-20 12:40:18
52240329,33173036,33173036,1247312862,1247237933,1504,t,t,2018-12-21 18:31:39,2018-12-21 20:00:47
52311157,33173036,33173036,1248713627,1248192955,1506,t,t,2018-12-23 17:12:37,2019-01-07 15:22:13
52464084,120932282,33173036,1251088480,1248192955,1507,f,t,2018-12-27 17:22:17,2019-01-03 14:22:56
52468595,121335801,33173036,1252028044,1248192955,1508,f,t,2018-12-27 19:15:24,2018-12-27 19:38:33
52556477,121498722,33173036,1253665943,1252857012,1512,f,t,2018-12-29 18:01:52,2019-01-01 18:23:53
52572225,121498722,33173036,1254061314,1252857012,1513,f,t,2018-12-30 09:42:52,2018-12-30 09:59:10
52630837,104573370,33173036,1255234090,1254073799,1514,f,t,2019-01-01 01:23:15,2019-01-01 01:35:13
52657842,77341179,33173036,1255772477,1255679718,1516,f,t,2019-01-01 21:23:22,2019-01-02 23:27:49
52683512,121498722,33173036,1256297892,1255679718,1517,f,t,2019-01-02 11:37:50,2019-01-02 12:02:49
52725130,121803871,33173036,1256998661,1256858499,1518,f,t,2019-01-03 03:00:06,2019-01-03 12:22:20
52746475,121846150,33173036,1257334303,1256858499,1519,f,t,2019-01-03 11:06:42,2019-01-03 12:13:39
52792556,77341179,33173036,1258096499,1258058186,1521,f,t,2019-01-04 02:36:15,2019-01-05 11:50:53
52915170,121803871,33173036,1260413479,1259510431,1522,f,f,2019-01-06 18:02:31,
52983103,121803871,33173036,1261556949,1261449942,1526,f,f,2019-01-07 17:23:35,
53051783,33173036,33173036,1262674394,1262500957,1528,t,t,2019-01-08 15:01:10,2019-01-08 15:06:40
53133350,33173036,33173036,1263824630,1263824625,1531,t,t,2019-01-09 14:26:05,2019-01-09 14:31:08
53350789,77341179,33173036,1267276576,1266785642,1533,f,t,2019-01-12 17:40:36,2019-01-12 20:12:10
53353569,122810744,33173036,1267335091,1266785642,1534,f,t,2019-01-12 19:02:28,2019-01-12 19:48:02
53425660,33173036,33173036,1268735359,1267379754,1538,t,t,2019-01-14 09:09:59,2019-01-14 11:16:05
53466697,33173036,33173036,1269432585,1269134445,1541,t,t,2019-01-14 20:18:52,2019-01-15 11:51:16
53569356,33173036,33173036,1271211316,1270153778,1543,t,t,2019-01-16 07:58:57,2019-03-30 16:09:59
54111927,77341179,33173036,1279640801,1278968121,1545,f,f,2019-01-23 23:59:23,2019-05-06 22:56:17
54113985,77341179,33173036,1279677441,1278968121,1547,f,t,2019-01-24 00:48:44,2019-02-19 12:46:40
54628352,120932282,33173036,1288428689,1280184506,1548,f,t,2019-01-31 16:42:01,2019-02-19 13:34:57
54777616,120932282,33173036,1290693060,1280184506,1552,f,t,2019-02-02 19:48:06,2019-02-07 14:06:31
55140286,96334834,33173036,1294376769,1280184506,1554,f,f,2019-02-07 07:47:12,2019-02-07 16:09:57
55230545,106494216,33173036,1295006003,1292852650,1555,f,t,2019-02-08 08:25:04,2019-02-19 17:45:47
55813166,33173036,33173036,1298541516,1298541497,1560,t,t,2019-02-15 14:15:49,2019-02-19 00:44:01
55880204,33173036,33173036,1299726094,1298541497,1562,t,t,2019-02-16 12:52:15,2019-02-16 15:50:47
55945166,33173036,33173036,1301365845,1301365779,1563,t,t,2019-02-17 23:15:02,2019-02-19 00:45:14
55945162,33173036,33173036,1301365785,1301365779,1564,t,t,2019-02-17 23:15:07,2019-02-19 01:14:10
55945165,33173036,33173036,1301365830,1301365779,1565,t,t,2019-02-17 23:15:13,2019-02-19 00:48:35
55945170,33173036,33173036,1301365895,1301365779,1566,t,t,2019-02-17 23:15:17,2019-02-19 00:46:32
55945174,33173036,33173036,1301365976,1301365779,1567,t,f,2019-02-17 23:15:21,2019-03-08 12:14:33
55946798,33173036,33173036,1301403022,1301365779,1568,t,t,2019-02-17 23:15:26,2019-02-19 00:47:50
56158696,33173036,33173036,1303773367,1303773363,1569,t,f,2019-02-19 22:18:37,2019-02-19 23:25:57
56164682,33173036,33173036,1303869574,1303773363,1570,t,t,2019-02-19 23:36:30,2019-02-20 15:57:13
56719053,33173036,33173036,1318053254,1306309299,1575,t,t,2019-02-26 19:44:15,2019-03-01 12:55:18
56720762,33173036,33173036,1318075979,1306309299,1576,t,t,2019-02-26 20:01:24,2019-03-01 13:07:19
56836139,33173036,33173036,1319794366,1319794361,1578,t,t,2019-02-28 00:17:55,2019-03-01 13:27:43
56936865,33173036,33173036,1320517382,1319794361,1580,t,t,2019-02-28 23:55:32,2019-03-01 00:05:42
57180087,33173036,33173036,1321924646,1321924622,1583,t,t,2019-03-04 10:32:04,2019-03-04 12:14:56
56915466,127959238,33173036,1320368892,1320368870,1585,f,t,2019-03-04 20:02:08,2019-03-06 11:55:18
57234555,77341179,33173036,1322288686,1320368870,1587,f,f,2019-03-04 23:32:57,2019-03-08 19:47:50
57482316,33173036,33173036,1323734610,1323734594,1593,t,t,2019-03-07 12:43:00,2019-03-07 12:50:02
57602469,33173036,33173036,1324767819,1324371682,1595,t,f,2019-03-08 19:51:50,2019-03-14 11:06:46
57711667,33173036,33173036,1327137085,1327137069,1596,t,f,2019-03-11 00:44:34,2019-03-11 21:07:04
57761402,33173036,33173036,1327778354,1327778350,1598,t,t,2019-03-11 14:01:15,2019-03-11 14:17:05
57850130,33173036,33173036,1328772026,1328772021,1599,t,t,2019-03-12 12:15:46,2019-03-27 22:47:21
57890855,33173036,33173036,1329120073,1328772021,1601,t,t,2019-03-12 20:43:56,2019-03-13 20:32:53
58038628,33173036,33173036,1331644060,1331644059,1602,t,t,2019-03-14 09:09:21,2019-03-21 12:30:37
58372279,129869459,33173036,1336633435,1332817941,1605,f,t,2019-03-21 10:49:43,2019-03-21 11:43:01
58445191,105255155,33173036,1337861253,1337829292,1607,f,t,2019-03-21 23:47:21,2019-03-29 11:25:51
58578806,37644518,33173036,1340349341,1340285536,1609,f,t,2019-03-26 08:52:46,2019-03-28 09:30:48
58593331,33173036,33173036,1340575794,1340285536,1611,t,t,2019-03-26 12:10:02,2019-03-26 17:46:31
58846695,77341179,33173036,1344163763,1343282221,1613,f,t,2019-03-29 00:11:58,2019-03-29 11:26:58
58886242,33173036,33173036,1344694791,1343282221,1614,t,t,2019-03-29 10:57:48,2019-03-30 16:22:45
58890249,130654547,33173036,1344746338,1344744967,1615,f,t,2019-03-29 11:59:21,2019-03-29 12:38:50
59116001,33173036,33173036,1347853045,1346038092,1625,t,t,2019-04-01 11:52:55,2019-04-01 12:38:18
59240400,33173036,33173036,1349442301,1349442278,1630,t,t,2019-04-02 14:13:35,2019-04-09 13:29:41
59426231,33173036,33173036,1351792526,1349442278,1631,t,t,2019-04-04 07:35:05,2019-04-04 10:39:06
59438351,33173036,33173036,1351963796,1349442278,1632,t,t,2019-04-04 10:21:13,2019-04-04 10:38:36
59538723,33173036,33173036,1352169853,1352045323,1634,t,t,2019-04-04 13:49:14,2019-04-09 12:25:55
59595274,33173036,33173036,1354181667,1352045323,1637,t,t,2019-04-06 02:58:08,2019-04-09 11:52:01
59628941,33173036,33173036,1354755145,1352045323,1638,t,t,2019-04-06 20:16:55,2019-04-09 12:08:46
59768188,33173036,33173036,1356905827,1354755145,1640,t,f,2019-04-08 17:33:52,2019-04-09 12:10:22
59803594,33173036,33173036,1357325346,1352045323,1642,t,t,2019-04-08 23:49:25,2019-04-09 13:03:42
59857907,33173036,33173036,1358106453,1358097788,1643,t,f,2019-04-09 13:53:34,
60120159,33173036,33173036,1361850794,1358140810,1646,t,t,2019-04-12 08:59:08,2019-04-12 10:02:22
60255379,33173036,33173036,1364012795,1361913070,1648,t,t,2019-04-14 13:29:13,2019-04-16 11:30:20
60258391,33173036,33173036,1364080103,1361913070,1649,t,f,2019-04-14 14:58:18,
60259139,33173036,33173036,1364099352,1361913070,1650,t,f,2019-04-14 15:20:12,
60259590,33173036,33173036,1364111705,1361913070,1651,t,t,2019-04-14 15:35:12,2019-04-16 11:52:34
60260245,33173036,33173036,1364127665,1361913070,1652,t,t,2019-04-14 15:54:45,2019-04-15 12:41:28
60260578,33173036,33173036,1364134830,1361913070,1653,t,f,2019-04-14 16:02:32,2019-04-14 16:49:19
60382343,33173036,33173036,1365870234,1365126904,1655,t,t,2019-04-16 01:43:54,2019-04-16 10:40:54
60467794,33173036,33173036,1367055028,1366629617,1656,t,t,2019-04-16 20:30:31,2019-04-16 22:07:14
60480826,33173036,33173036,1367143291,1367143289,1657,t,t,2019-04-17 09:31:25,2019-04-17 10:53:30
60548535,33173036,33173036,1367641653,1366928486,1661,t,f,2019-04-19 08:35:41,
60579959,33173036,33173036,1368317145,1367643032,1662,t,t,2019-04-20 01:05:08,2019-04-24 11:19:46
60604147,33173036,33173036,1368824669,1367643032,1664,t,t,2019-04-21 13:47:14,2019-04-21 14:50:23
60607729,33173036,33173036,1368904911,1368870847,1665,t,t,2019-04-21 15:35:39,2019-04-24 11:24:14
60607806,33173036,33173036,1368906606,1368870847,1666,t,t,2019-04-21 15:38:13,2019-04-21 17:16:21
60768168,33173036,33173036,1371302230,1371198136,1670,t,t,2019-04-23 12:46:28,2019-04-23 13:01:10
60804816,33173036,33173036,1371817270,1371319397,1672,t,t,2019-04-23 20:40:55,2019-04-25 09:42:36
60824787,121803871,33173036,1372128728,1371319397,1673,f,t,2019-04-24 02:34:00,2019-04-24 12:24:51
60935752,33173036,33173036,1373571154,1372670809,1675,t,t,2019-04-24 14:38:07,2019-04-24 15:06:38
60873891,33173036,33173036,1372787803,1372670809,1676,t,t,2019-04-24 15:01:39,2019-04-29 09:56:33
60906055,33173036,33173036,1373173475,1372794612,1677,t,t,2019-04-24 20:32:15,2019-04-25 09:41:12
60979011,121803871,33173036,1374171088,1373867207,1679,f,t,2019-04-25 14:36:53,2019-04-25 16:35:54
61251242,33173036,33173036,1378351391,1378262182,1681,t,t,2019-04-29 11:28:05,2019-04-29 13:30:11
61266831,33173036,33173036,1378591883,1378479115,1682,t,t,2019-04-29 14:59:11,2019-04-30 10:41:30
61302966,33173036,33173036,1379098557,1378479115,1683,t,t,2019-04-29 22:56:26,2019-04-30 09:48:20
61344906,33173036,33173036,1379751740,1379751738,1684,t,t,2019-04-30 11:41:53,2019-04-30 11:55:41
61360778,33173036,33173036,1379940821,1379763940,1685,t,t,2019-04-30 15:10:10,2019-04-30 15:25:03
61362458,33173036,33173036,1379968178,1379940832,1686,t,t,2019-04-30 15:46:27,2019-04-30 16:42:12
61367529,33173036,33173036,1380040994,1380034174,1687,t,t,2019-04-30 16:48:40,2019-05-01 22:38:44
61522060,33173036,33173036,1382045897,1381571080,1692,t,t,2019-05-02 10:12:26,2019-05-02 12:52:33
61532220,33173036,33173036,1382191899,1381571080,1693,t,t,2019-05-02 12:44:28,2019-05-02 12:53:01
61536792,33173036,33173036,1382227764,1382201514,1694,t,t,2019-05-02 13:17:35,2019-05-02 16:06:57
61632601,33173036,33173036,1383335062,1383054106,1695,t,t,2019-05-03 10:20:54,2019-05-03 12:16:21
61640307,33173036,33173036,1383420287,1383054106,1696,t,t,2019-05-03 12:04:46,2019-05-03 12:16:39
61653975,33173036,33173036,1383605128,1383429898,1698,t,t,2019-05-03 15:10:41,2019-05-06 12:37:03
61746435,33173036,33173036,1384986266,1383429898,1701,t,t,2019-05-05 00:08:05,2019-05-06 11:27:40
62180655,33173036,33173036,1390925757,1389830101,1707,t,t,2019-05-09 21:31:37,2019-05-10 13:22:01
62190115,77341179,33173036,1391160870,1389830101,1708,f,f,2019-05-10 00:14:57,2019-05-10 21:38:50
62715479,33173036,33173036,1398024324,1398024768,1713,t,t,2019-05-17 13:46:44,2019-05-23 11:34:31
62876890,136223643,33173036,1400755155,1398024768,1715,f,t,2019-05-20 08:01:48,2019-05-21 23:29:31
63057793,136223643,33173036,1403145120,1403129323,1718,f,t,2019-05-21 23:52:08,2019-05-22 21:41:31
63149520,77341179,33173036,1404320843,1403129323,1720,f,t,2019-05-22 20:45:43,2019-05-24 09:37:55
63352917,33173036,33173036,1406520465,1406380695,1721,t,t,2019-05-24 13:19:10,2019-05-24 13:22:34
63432239,46035162,33173036,1407365610,1406523915,1722,f,t,2019-05-25 09:03:06,2019-05-27 19:04:28
63480079,136930884,33173036,1408124611,1406523915,1723,f,t,2019-05-26 08:16:44,2019-05-26 16:31:34
63544138,33173036,33173036,1409080511,1408455470,1725,t,t,2019-05-27 08:00:49,2019-05-27 08:25:24
63686557,33173036,33173036,1410836504,1409784534,1726,t,f,2019-05-28 14:52:28,
63800847,136223643,33173036,1412150678,1409784534,1729,f,f,2019-05-29 12:49:27,
